Strand,Peptide,NetCharge,GRAVY,Length,Organism,Accession
1,MLKSNITRTLTGRTIFTRITRRPTKLRNMKNQLRMMVGLKSKLMVKRKKSVSKRCILKKMPGKTPMKTTIPMSI,21.48,-0.5,74,Lactiplantibacillus plantarum (firmicutes),496851
-1,MILHIKHNQKQNKIVLNNSLKKKQQNVKFKQLKMNRQLKLILKKLMTLKMLKNILKSLKMIHQHHKKIINK,19.92,-0.66,71,Staphylococcus epidermidis (firmicutes),83699348
-1,MRVALRLILKTQKKPCKYYMMRLLKLVIHLVKKLRLLLTRRHRIFIIERPTIMTLRAKRTRRQPLVIIICSY,18.65,0.15,72,Lactiplantibacillus plantarum (firmicutes),496851
1,MGMMRQVRATLRMRLALRSPRFITILKIKRSSFWLSLRRSVRKSRLALKRFKSVRIGLRWIN,18.5,-0.16,62,Lactiplantibacillus plantarum (firmicutes),496851
-1,MPIRRASLARCWHRMILPSKRWLIFQIFLKLRRTVSRLKKMPLKRRRLWSKQPDYRQLRMIPA,17.57,-0.52,63,Lactiplantibacillus plantarum (firmicutes),496851
1,MTKNKLQWNNNQKTIMLPKIHVRIHIQKAKIKMIKTNNSLKIINTHKQNINLILKTKIMIKIHQIKSNTHLIKLKPHL,17.01,-0.47,78,Staphylococcus epidermidis (firmicutes),83697148
1,MNVNVLLKRSQNEEKPLRFVIQNRKRKSSMMKLSSLKPLKQDLLNCYNHQKKEKYIRHLLKLKQRLIILCHNLWLRKR,16.74,-0.79,78,Staphylococcus epidermidis (firmicutes),83699348
1,MRGPISVKRMCTMPRSVIVRFTKRRLATVSVLARLMSFSANGRTRLALVTVVTTWPCSKSWLARLRRMMRS,15.48,0.11,71,Cutibacterium acnes (high G+C Gram-positive bacteria),77258228
1,MSAPSFPTLTATSRRTPRLYTTGTAVASGLSRYRTVNRFLMRRCRRLCVTPSSRRRIALSGPIRVSRSRA,15.48,-0.4,70,Cutibacterium acnes (high G+C Gram-positive bacteria),77258228
-1,MRPVRQQHSRLGNVWFQSWARWVGHMMVVMPNTYYYRTSRFIRSKRIYRLPHWWQPLRPTTRLMAFLSLCSLKRRTGC,14.74,-0.53,78,Lactiplantibacillus plantarum (firmicutes),496851
1,MGKQCFVTGRKASTGNHRSHALNANKRRWNANLQKVRILVDGKPKKVWVSARALKSGKVTRV,14.66,-0.72,62,Staphylococcus epidermidis (firmicutes),83699348
1,MSGLSGILRRLSSTQRRRYGRCWRMLSINYHKILCKMRFQLSFRQLIHGVYQKARMKR,14.65,-0.55,58,Lactiplantibacillus plantarum (firmicutes),496851
-1,MHAIKVTLWLRFKRTRTVWLRISKASGSKKRIKLRPNLKLIPKRMTG,14.58,-0.45,47,Lactiplantibacillus plantarum (firmicutes),496851
-1,MVVLTVHRTKCKMSSRSDVYRRSGLSGATGSGPRKCTTRTRVGQACTRSCVVAAASTRWQWVTSSRLTRSPTKRAAASS,14.54,-0.46,79,Cutibacterium acnes (high G+C Gram-positive bacteria),77258228
1,MMKLQLMKGTNGKRWRGALMIKPTNAATAAMARQVNSVSAGMMKTSMSRTSTSPRPKVAVSRASKYNPTSKASTR,14.49,-0.55,75,Lactiplantibacillus plantarum (firmicutes),496851
1,MLPQIHVRIHIQKAKIKMIKANNSLKIINTHKQNINLILKNKIMIKIHQIKSNTHLIKLKTYLQKEHKLNNHSL,14.1,-0.41,74,Staphylococcus epidermidis (firmicutes),83699348
1,MHLVTVVAGRRLSRLLCAHVSSTVHAGQAQVPRRHVRSERRSIRPPAHRYSVGRSKASGLPRGGTGSRPRGAHS,14.01,-0.61,74,Cutibacterium acnes (high G+C Gram-positive bacteria),77258228
-1,MQRLRRNRVWTFERPRSRRSGRHHLYLRIRLSFASILQSFVVKWRWCRHRPETMIIRPILTH,13.84,-0.69,62,Lactiplantibacillus plantarum (firmicutes),496851
-1,MQANHAGKYIIYNRFRHRRRDGRCRYSLCRRPIRYATSCCGRCGCRIHRNIVHRPPCQLVQLAFSYQCI,13.76,-0.61,69,Lactiplantibacillus plantarum (firmicutes),496851
-1,MNRSAPAGSLAVIPRGRHRQKRRYRQHRHLASNRFACLRVSIRVPLPKLAAGPSSTCARG,13.74,-0.62,60,Cutibacterium acnes (high G+C Gram-positive bacteria),77258228
-1,MVLKLRMKRRHPGHQVMLTKQRPKRLMVIRFMQRRLMQLERMTLRRLQ,13.67,-0.71,48,Lactiplantibacillus plantarum (firmicutes),496851
1,MTVTNNGRHISRRERLITWVPIRAVYTTMSKAAHPRIRPKRGGDNTRAITRVKMTRPANSTWMPTCIPTSIATARPR,13.66,-0.65,77,Cutibacterium acnes (high G+C Gram-positive bacteria),77258228
1,MVIICNKNRAWIFNRSLCNQLLTKLHILQGRLRLRLRPAIRCRKAMRNGVFQHGLAFRNRFITTLTT,13.64,-0.06,67,Lactiplantibacillus plantarum (firmicutes),496851
-1,MAKTALKVKAARKPKFGVRAYTRCQRCGRPHSVYRKFGLCRICLREMAHAGQLPGVTKSSW,13.63,-0.43,61,Cutibacterium acnes (high G+C Gram-positive bacteria),77258228
-1,MGRWPAAGRKRRMAEAASGNFMRMTHGVKRPRLVIFELSIRRPTMMSTKASTRRAAINNAPTSAAARPKTLV,13.59,-0.46,72,Cutibacterium acnes (high G+C Gram-positive bacteria),77258228
-1,MRTGTVRTTKGLTRREHIGAITAAGISPIAPTRGERTKRDPKMPAMAMRKTTRGLIVVRKAGFSPGRSLGVGSGTR,13.59,-0.48,76,Cutibacterium acnes (high G+C Gram-positive bacteria),77258228
-1,MRSLLLEILRIFRRRQRIVLPVKRSRIPNTGFSFKRIIIKMKRPRHAQA,13.59,-0.32,49,Lactiplantibacillus plantarum (firmicutes),496851
-1,MVKLGYVTRVTVVRNTTLRSVAVLQRPRHLQQVRRRRLLVRTRLRPQRIFGPLLV,13.59,-0.13,55,Lactiplantibacillus plantarum (firmicutes),496851
-1,MAGPQRKSVNKKKVVPIKTVHIGAVDYKDTALLRKFISERGKIRARRVTGLSVQDQRKVAIAIKNARELALLPYASTAR,13.58,-0.34,79,Cutibacterium acnes (high G+C Gram-positive bacteria),77258228
-1,MTRSPRRFLRFDSWRRARSQRVARPVLKMSATSRRLMLPALWLRCRHPAKIAAMS,13.58,-0.49,55,Cutibacterium acnes (high G+C Gram-positive bacteria),77258228
-1,MSMTRSPVVPAITGKVYSWPSRIRVAVGPPSGFLCGTLIIRPPAVCDRRPWHRKRGIRRGLARRLRGRD,13.57,-0.35,69,Cutibacterium acnes (high G+C Gram-positive bacteria),77258228
-1,MISSRINSCSRFSKRGISWFKHFCRPCRYCRTCRARRIYGGRRRC,13.52,-0.78,45,Lactiplantibacillus plantarum (firmicutes),496851
-1,MLQRKPRRVVLPAASAPLKPGRRAEKKSPTSSAVNRRRTSAKKQVVAAASNSPLMRAAQQL,13.5,-0.69,61,Cutibacterium acnes (high G+C Gram-positive bacteria),77258228
1,MRGSAARRAKRSLPVRPVSRMSRATATACSLMASWASSRPTPARTQAIRTLVVVRKGR,13.49,-0.35,58,Cutibacterium acnes (high G+C Gram-positive bacteria),77258228
-1,MRRRDWRSLCAGSLRPCSPRRLVRASLPSCRYALARLQLGAGQVVRGRGTRVPAGAGRRSLSAVPTG,13.47,-0.35,67,Cutibacterium acnes (high G+C Gram-positive bacteria),77258228
-1,MCERDFNGRLPGPATGRPRRPLSINASTASCNIRFSFCTIIPGAFKSNKRFNRLLRLITRRYKSFKSEVAKRPPSN,13.47,-0.62,76,Lactiplantibacillus plantarum (firmicutes),496851
-1,MSIHRGLPVLVILVVCGGLLTLPATNAQALRVRGTRVTMRVKHRAKPSKHHYSKRSARSHNARHHH,13.18,-0.37,66,Lactiplantibacillus plantarum (firmicutes),496851
1,MLNIYFCVYKRFIHHILHLFLISVLFLCSIKTRRNSFTLVSKTNKKRGKNGKHYKLYK,12.82,-0.08,58,Staphylococcus epidermidis (firmicutes),83699348
1,MKMRLSSQQRQLVGIYGLHVKVMTRKFRVRIQWLPVHRGMNHQSRLQRGRLNRLESSLQRF,12.76,-0.69,61,Lactiplantibacillus plantarum (firmicutes),496851
1,MVSVTIITGLMERCYWRNHVNKSLRIKRWIFHSVSAGLMKHGRCSGREKKRLLCLKNMGEKKAGKSILSI,12.73,-0.25,70,Lactiplantibacillus plantarum (firmicutes),496851
-1,MRAQSRSILVAMMWVNSRHAQRAWIGVRVWPGNHSSATRMSRLRSVSLWVNRPRAGRPDSMNRPRTCQSWLNSRV,12.67,-0.62,75,Cutibacterium acnes (high G+C Gram-positive bacteria),77258228
-1,MSKSRFFTVLAVAVGATCSASLWISKTCLFRKQSSRWPILGTLTCRRAIRRSHNRPHLRISNKPIY,12.64,-0.12,66,Lactiplantibacillus plantarum (firmicutes),496851
-1,MRQRRASRSSSLRCAQMTAWARRAIVPPIGCATCQGHSSKQRSGSSRPALVKVIHPRDTPVTSRLSK,12.64,-0.61,67,Cutibacterium acnes (high G+C Gram-positive bacteria),77258228
1,MKLITSHIFRCISDNKLIVKSKFSEKLLTNKFKLCNLCINNLKNILHTVKRKVKLTLLIQRVFTR,12.64,0.08,65,Staphylococcus epidermidis (firmicutes),83699348
1,MTLPCRSCRGLCRWSSLLPPSQPGGTRGLSVPRLLIHNVRSRRTKGSSRWHWVKRSPYLALRLSALVSCTC,12.62,-0.24,71,Cutibacterium acnes (high G+C Gram-positive bacteria),77258228
1,MTFARRSRSASASRAMARCIASGISTSLISTTDTSTPHGCVCTSMISRRSVLSSSRWARRVSRSARPRTLRNVV,12.56,-0.22,74,Cutibacterium acnes (high G+C Gram-positive bacteria),77258228
1,MKLITSYIFRCISDNKLIVKSKFSEKSLTNKFKLCNLCINNLKNILHTVKRKVKLTLLIQRVFTR,12.55,0.04,65,Staphylococcus epidermidis (firmicutes),83697148
1,MPKRSTRRRSSASACSIPLTKPCLTAPLRHPVRTVQCPSATSARWSRSCTGRPLRPPSTR,12.55,-0.73,60,Cutibacterium acnes (high G+C Gram-positive bacteria),77258228
1,MTMSTIATAMRVRIATILIRANQNSSSPKSFTVKRLRARSRRSVVAVRMKAQARS,12.5,-0.2,55,Cutibacterium acnes (high G+C Gram-positive bacteria),77258228
-1,MSLIRAAALIRAIQRRRKSLLRRRRSRKAYRYDFITWSLATLNWMCLAPR,12.49,-0.33,50,Lactiplantibacillus plantarum (firmicutes),496851
1,MIIIRAKALIRPGIDKNLIIFILSSSFKAIKANKNAKSINIKPPLSKMGKNINKAIIAVNVLTFIFYSSLNPPKRLWRD,12.49,0.21,79,Staphylococcus epidermidis (firmicutes),83699348
-1,MALRRARASSSQARRRARPICPWPARAASAATSGAMPSRRVSRSATASSRGVAR,12.49,-0.58,54,Cutibacterium acnes (high G+C Gram-positive bacteria),77258228
1,MTACRVSSRTTFVPVKTLLRPLPPRRGVMLWMGPLSASRGYSYPMTAPMRYLTIRKKLRRL,12.48,-0.17,61,Cutibacterium acnes (high G+C Gram-positive bacteria),77258228
1,MRRPRRTLRLPRLTSPRTRPSQLSESWPRILGSPMRITAGLPDSVRPRLGRAAQCRSWTTSGSSVTGSLCRL,12.48,-0.64,72,Cutibacterium acnes (high G+C Gram-positive bacteria),77258228
1,MISLTQSAWASSSMRCFKRLIKVFLIARKRSAGCIAAGKAAAIFVMTSLAKKISPLKTMLVKRNWSAGS,12.47,0.4,69,Lactiplantibacillus plantarum (firmicutes),496851
-1,MRSARSSIRRLSASRRSRLVRRPCRTPRPCPARLPRSRSTSITPSTPSDALTTGEAQIPTAWASVCVGMPLGR,12.47,-0.55,73,Cutibacterium acnes (high G+C Gram-positive bacteria),77258228
-1,MARSPWSKTSASRRARPVRTRPSALSSLRNTPRLVSFTSPTASALCTASRLPSTTLPSCCRALLAPSLPRR,12.47,-0.32,71,Cutibacterium acnes (high G+C Gram-positive bacteria),77258228
-1,MCIGSSKGKGMSKVTCVKKFLDMNQLVNGVPTQNNKPIPIKILKSKGKIFRIVFTSYAIVITNNALAKSKPPTKPPPGV,12.47,-0.08,79,Staphylococcus epidermidis (firmicutes),83699348
1,MLAYIIRGLVLCTLSASTPKRFVTPGRKFSNTTSACSTSFMKRSWSLGSLKFRTTLRLPWFNSAKYTLSSPLKGPK,12.47,-0.08,76,Cutibacterium acnes (high G+C Gram-positive bacteria),77258228
-1,MIFGTSRKKCAYCMLMLKKRLRTICVRAFPKRCITILRAKNLNSLSPFLNSRG,12.45,0.04,53,Lactiplantibacillus plantarum (firmicutes),496851
1,MVSFLVRKASTRAWRRCDPRMSFSSSACRVACWVCRSLSWACRVALRVNASRARSSRPCSSARLAAFCILSTSVCN,12.42,0.17,76,Cutibacterium acnes (high G+C Gram-positive bacteria),77258228
1,MAIAVPATTGAIAVGRVRGRAPSSHSAAVAMDNSLSQWWRRGSCVRRAPHRRTSRNVHQWRPYRRCMSNPYLHQ,11.83,-0.66,74,Cutibacterium acnes (high G+C Gram-positive bacteria),77258228
1,MCRGKNCPRHHASCSFTARESVWSVPSPAIPNMASSMGSFLALKRHIWKKPTRKQPRRKMPHCVGS,11.81,-0.65,66,Cutibacterium acnes (high G+C Gram-positive bacteria),77258228
-1,MSAYLRSKRLAMATTDQRARAKKPTNNSTKMATSHHGVTSVIASTIASAVSPNNTNIVVIRRRAATAHERLRSQRA,11.76,-0.53,76,Cutibacterium acnes (high G+C Gram-positive bacteria),77258228
-1,MARLIRTRDGKRPSHAQQLASLVLVRHANSKSAVSLTQIHAKRLLSTQNKSETPRPVLLGKSLCPRRYVLA,11.75,-0.37,71,Cutibacterium acnes (high G+C Gram-positive bacteria),77258228
1,MKRPVPRHFRRLGIGCAYLHPLIIRRRLKQSRHGRVSWRAVP,11.75,-0.6,42,Lactiplantibacillus plantarum (firmicutes),496851
1,MSPASYRTAPPRVGSLHYTDHTVAVQIRCGKARPKSQWWWVLILGRPTTLISRGSRRAHRGSMLAGRAPSPKGA,11.75,-0.49,74,Cutibacterium acnes (high G+C Gram-positive bacteria),77258228
-1,MANYTCLIMFLIKDFTSKLTHICNGSHCRISFNFPKRRRINIIKKSRGIIFINLICCEKTIRRCHIIR,11.7,0.14,68,Staphylococcus epidermidis (firmicutes),83699348
1,MSQGPLPMVAATHRSIPVKRITLTLKYINQLRLRGYMLIRAHRLRRRSGKA,11.67,-0.32,51,Lactiplantibacillus plantarum (firmicutes),496851
1,MALPHHFQRMATVTKLSRTLKSLKRVFLKRMALTKKTLVFLQLKVFMVMNIR,11.67,0.24,52,Lactiplantibacillus plantarum (firmicutes),496851
1,MVRTLLANRSFRQLTLRLGASRLSRRRGSGLLISRASFLAHGLAAAGWFASRILLAHRPGRTS,11.67,0.07,63,Cutibacterium acnes (high G+C Gram-positive bacteria),77258228
-1,MTKLSIAKAVVNSPKPQRKRVNARRPLANRRLILATNHAIRPHKI,11.67,-0.57,45,Lactiplantibacillus plantarum (firmicutes),496851
-1,MTPGNRKLLQLRIEKAFVLIQILMTRLRVWHISKIKRYMKLRMKWLKPISEISFLHAKEKYLIV,11.67,0.03,64,Lactiplantibacillus plantarum (firmicutes),496851
-1,MSQFMGRNGQLIFYRMIAGWKAIRVNHTLRRIHPSCSLRTTLIVRPPSPADFRSGRLRLVFTLAQRNLGFRLVLSLN,11.66,-0.0,77,Lactiplantibacillus plantarum (firmicutes),496851
1,MNPRRVGEKLPRPRGWTPCWAAYTAAVTKNKHRKEILKKAPAVGIHLAFARDKIAANTVSQMKASLNR,11.66,-0.58,68,Cutibacterium acnes (high G+C Gram-positive bacteria),77258228
1,MKGRFTKVMQTRRITPNFLGNRCIRLQYGRSSLRRRTIVKINHYYAFSFQESVHCTYFR,11.65,-0.61,59,Lactiplantibacillus plantarum (firmicutes),496851
-1,MKTSGNLDEITKVCRKCLLLHSPASSMMARSVKRKRQAPKKVPKKHSSQACNRFS,11.64,-0.77,55,Cutibacterium acnes (high G+C Gram-positive bacteria),77258228
1,MAVPARRTSKMRKRNRRGHIKLATPNLAPCPNCGELRVSHRVCPSCGYYNGKQVVKVNN,11.63,-0.74,59,Lactiplantibacillus plantarum (firmicutes),496851
1,MRYSGRLSLPRLTALTKRVWASRTIAHVPAIPMPARFMTISKALSGRKALRATPSRPRAAVMAMPPEGTW,11.59,-0.12,70,Cutibacterium acnes (high G+C Gram-positive bacteria),77258228
1,MSSTRSIAFARWPRSLSLIWSRPRRITSPPSKPTSRTSSPSSPTSRPVPPRSVKSIHIAPLSPPSR,11.59,-0.67,66,Cutibacterium acnes (high G+C Gram-positive bacteria),77258228
1,MKGRVLKISRWAMTQVDLKTPWQARRAAKKLLVKPVSQPSDRLGRQNARGKGICHGREANALAAAI,11.58,-0.5,66,Cutibacterium acnes (high G+C Gram-positive bacteria),77258228
1,MPNVASVPAMKAGKLRPRSGNSHSMEYPETCREKVANSVRIVARLASVRSTRRWVNGTAKSPRRRVVT,11.58,-0.63,68,Cutibacterium acnes (high G+C Gram-positive bacteria),77258228
-1,MRRVVAASIWSGSVPEDFCEKVDRAMMPAANTGIGWDRRGKHRKRSRIRSSMRVVRRIRSSKPSNWALLGSSP,11.58,-0.66,73,Cutibacterium acnes (high G+C Gram-positive bacteria),77258228
1,MESSSRSGPKIANPISSLGISATPRARRPSSTRCPSKARSASVTGRPLHALRTPRITLSREKGSSMPLRL,11.58,-0.61,70,Cutibacterium acnes (high G+C Gram-positive bacteria),77258228
1,MFTPIYFAIHMQLFFIMKLRILNKFKKDSVIVIYKRLLIYMFIPLKKIYVKIGIKLSINFKFLIKGNNYVNTN,11.57,0.56,73,Staphylococcus epidermidis (firmicutes),83697148
-1,MMRRRSSSLLQALVMKPASSRRRNRGVRVPLSRCNRVPMSLTPTGPSACHNTSMARYWG,11.57,-0.57,59,Cutibacterium acnes (high G+C Gram-positive bacteria),77258228
-1,MGKPALDKANKRRIHFSKGSTIYGKAVKYGKVYRIKTDVGYISANKDYVKLVRKSGDK,11.57,-0.79,58,Lactiplantibacillus plantarum (firmicutes),496851
-1,MRYPSHATSYFLVRRAKSRKLKRSARCRDSVYWNARASVRLVTLRTTAT,11.57,-0.64,49,Lactiplantibacillus plantarum (firmicutes),496851
-1,MSLVLRLMRRGLSAWRHLPSTGCVSTPLRSCRSFSSTRKRWRLTTRNSWVFLVRPTS,11.57,-0.3,57,Cutibacterium acnes (high G+C Gram-positive bacteria),77258228
1,MLHGPCTSSGWSLPRLMRVGGNALRGLSGRRAPRKWWLCRTRLKPLICARTPWVSVSDLVTRSSFR,11.56,-0.24,66,Cutibacterium acnes (high G+C Gram-positive bacteria),77258228
1,MPRPCVSHVETVCASRSRARARAAASCGTATASSGIASCRLVCLSTRTQDSRRTSPQPRRPKSSGRQRDR,11.54,-0.78,70,Cutibacterium acnes (high G+C Gram-positive bacteria),77258228
1,MLRPARVLMRERKPWLRARRRLLGWKVRFTGMFSLVSWGSPGGSTRAGPSGAPGWAQGK,11.5,-0.48,59,Cutibacterium acnes (high G+C Gram-positive bacteria),77258228
1,MGPRAKSKLNNTERLLNSFVSGLFKYLGSLGDFLRIRPEKAITRPLASLIGNKTRSTKRSRKSPA,11.5,-0.57,65,Lactiplantibacillus plantarum (firmicutes),496851
1,MPVARAAAPRSIMVITPPTNGSSAITVRIGKDMSAPPALRPSGPGRRRVRRPPRRRPS,11.5,-0.59,58,Cutibacterium acnes (high G+C Gram-positive bacteria),77258228
1,MSRRASARTSMIFMPGRPRMWRSGLQSRRRVRYSGWLVSDTTTPMGLSMRYSRFSSGGGSK,11.5,-0.73,61,Cutibacterium acnes (high G+C Gram-positive bacteria),77258228
1,MTNRLRLRVYGVQWKANYGVQLAGIKISKRNVPRMRTSPQLTIKIEKTPQKTVVRLLLV,11.5,-0.27,59,Lactiplantibacillus plantarum (firmicutes),496851
1,MATDGTLFRMRSARLEARVDSMCVRRRRNTAIRWLIRRRSVSIRVSPGPRPPIPAPPAARPPV,11.5,-0.47,63,Cutibacterium acnes (high G+C Gram-positive bacteria),77258228
-1,MPVGLVRLRNLLVSMTLPLVRAKYSRESSSSIERCMAPTRIIGLRNKRFRRISLTIRGKPA,11.49,-0.09,61,Cutibacterium acnes (high G+C Gram-positive bacteria),77258228
1,MQQLMIYRLLICNNRFLIVGRTRVKLNTRVIRQFLVKRNGRWLQVLTRQR,11.49,-0.16,50,Lactiplantibacillus plantarum (firmicutes),496851
-1,MLTSVTTTRPRLLRTSSRSTRRPRRSPCLITMTLTSPSRPSWSPALPQIPLRITLSRSAK,11.49,-0.47,60,Cutibacterium acnes (high G+C Gram-positive bacteria),77258228
1,MLPIRQLVMPRKVSGRPSLYLLTGRRLLRRCAAPRRRVKVVGLS,11.49,-0.06,44,Lactiplantibacillus plantarum (firmicutes),496851
-1,MVCKMSTPSATRRSAATLSGSSPSATRPRFTRSAALVSLTRELPIGDPPKRLRISAFLRTVSVTSRKSPLSRPS,11.49,-0.3,74,Cutibacterium acnes (high G+C Gram-positive bacteria),77258228
-1,MNTKPATCLRSTACPYFEASSRRLQSRRPRLQRSSVPPSSPSRRRSKWVAVARLAV,11.48,-0.73,56,Cutibacterium acnes (high G+C Gram-positive bacteria),77258228
1,MISPRVMLASASRRQPLTRTSGVLAASASGTSMTTRSSIPKRGTRCTRVCGQTTAARRPATKPANSWTAPEPILTR,11.48,-0.41,76,Cutibacterium acnes (high G+C Gram-positive bacteria),77258228
-1,MPTWASSGTCGMTPASIRSRCPLISRATTRAKKYIPSTFGSAMRKSMASARSRIDAIFVAAPTTSKMRKSAL,11.48,-0.16,72,Cutibacterium acnes (high G+C Gram-positive bacteria),77258228
-1,MPRCLRTRCKKITIPSARCLASMWPRGSPSAPRRMFTPAASPTLPGSCGRQGFRK,11.46,-0.51,55,Cutibacterium acnes (high G+C Gram-positive bacteria),77258228
-1,MIRLGLRSNRAKATRCCSPPLRVCTGVCSCPGSPTRSKADAKEGLGSKGLGRAAMSRFSRTVALSSRA,11.45,-0.26,68,Cutibacterium acnes (high G+C Gram-positive bacteria),77258228
1,MIKLPSNKQKKLKAKLHNQLQMYLVHKHIKTLPKFNLNKIHKVLHMMHH,11.1,-0.64,49,Staphylococcus epidermidis (firmicutes),83697148
1,MIKLPSNKQKKLKAKLHNQLQMYLVHKHIKTLPKFNLNKTHKVLHMMHH,11.1,-0.74,49,Staphylococcus epidermidis (firmicutes),83699348
1,MRRLRWQFVAVCARKYPIVSWKSCKHHQHRLLSGRAWHRSRRLVLTHPVDCQSRSEY,10.91,-0.75,57,Lactiplantibacillus plantarum (firmicutes),496851
1,MVAVHLAIGGLINHRVKNGRIANNRIAGNIARNNVNCRVNVTITQHRRTHKRIRVIA,10.84,-0.2,57,Lactiplantibacillus plantarum (firmicutes),496851
-1,MKRPVRKNHKWWYALFFRQLTPKCPQLFEESTVLWYRLLHLLGRLSVYRGRSFKHGHSTR,10.84,-0.66,60,Lactiplantibacillus plantarum (firmicutes),496851
-1,MTKYLSLRSQLTLIILTSYSRLPEGLHAMVCQRPWKKPIRNINEPLRLAKHLSRMQVHVSKRLHKA,10.84,-0.35,66,Lactiplantibacillus plantarum (firmicutes),496851
-1,MLKIRRHLLILVVCTHVLKLKRVSSGLLTNHKLKVRRLKHTGYVG,10.83,0.18,45,Staphylococcus epidermidis (firmicutes),83699348
-1,MPLRLRWAKSSSTLVGSNKGRCRPQDHTWGRHVSVHAVATSCTLTARRSECSTRRGARHRLPVAWALTS,10.82,-0.57,69,Cutibacterium acnes (high G+C Gram-positive bacteria),77258228
1,MTVRLAASRVVSDYPQRLPHLFMAKLVSKIPTAIHATRTRFSRAPTSTSLHGGEGKKRWTMTMRRTSTP,10.76,-0.46,69,Cutibacterium acnes (high G+C Gram-positive bacteria),77258228
-1,MAHKREHIADATPLNVTIPLVTKRVRTVGLTGLEPVTSALSGRRSNRLSYRPKPRPASRPRVKTLLDHAPKNQIGI,10.76,-0.53,76,Cutibacterium acnes (high G+C Gram-positive bacteria),77258228
-1,MTPTVKHESAKLKIGKLIKSSWNISTTYPIRNRSMKFPKVPAIISEIPTSYSHLPRKRHSK,10.76,-0.65,61,Lactiplantibacillus plantarum (firmicutes),496851
-1,MPGGVLRHRASRSIVLVCEERRKPARQLDVPAIRATLPGARGHHVRLTGRCQRQGSNRR,10.75,-0.75,59,Cutibacterium acnes (high G+C Gram-positive bacteria),77258228
1,MMQERYHSMNQNMIVHSTRKIYGGIGNRRIILKKNLFLHKLKFKTWFWSRRLCG,10.75,-0.56,54,Lactiplantibacillus plantarum (firmicutes),496851
-1,MLKIRRLLLILVVCTHVLKLKRVSSGLLTNHKLKVRRLKHTGYVG,10.74,0.34,45,Staphylococcus epidermidis (firmicutes),83697148
-1,MACQRAHDFHWSRRSSTSIPSTPSKKDGWLSMTVARTSTGMRAPWRHCSRCRPGCVEARSSKVLGLKAAFISRQWT,10.72,-0.61,76,Cutibacterium acnes (high G+C Gram-positive bacteria),77258228
1,MRRGHAGCSRSSPLGMILSPSSRGTTHRLPGHCSRRQDSPCRRARCGMPLIQTSLVQRIAALSRG,10.72,-0.54,65,Cutibacterium acnes (high G+C Gram-positive bacteria),77258228
1,MWIKQLIKMNALITHRVMNHNLLGDSCLYKLDSCFKCLKCFRFKVRGTRKKFKYFGPVLQTIH,10.71,-0.07,63,Lactiplantibacillus plantarum (firmicutes),496851
-1,MLQLQRQHRLHLQARPLVQVLQRALLLAMRRLKRPQFRQVLRLK,10.67,-0.36,44,Lactiplantibacillus plantarum (firmicutes),496851
1,MTGIPVIIKVIKDTRKNPAWQLKPVFYGFLRWQKLHGGLFYHKMNGRKKICIFMKIIIKLD,10.66,0.01,61,Lactiplantibacillus plantarum (firmicutes),496851
-1,MRSLRWSRPRLRSVGIHEGVTRGWARTCTPSSCRKNRGSTTRLAKVSHIA,10.66,-0.73,50,Cutibacterium acnes (high G+C Gram-positive bacteria),77258228
-1,MNLGQQTLAGRRGQIKNGPLHLSCLIHCKRQTGIGSKRKRVNFINDQYVKRLTKT,10.65,-0.74,55,Lactiplantibacillus plantarum (firmicutes),496851
-1,MVLGPSPSPVGRTARIYPSGLRPHRSCHRSRRGTLVKVGGCGGAVRSRGFRY,10.65,-0.49,52,Cutibacterium acnes (high G+C Gram-positive bacteria),77258228
-1,MSSAPPWLRNHRVVCMARSVNASRILAVRTASNPRWVRSVSTRPSPNTERAASWHRMTWAMSAPVCRCNR,10.65,-0.47,70,Cutibacterium acnes (high G+C Gram-positive bacteria),77258228
-1,MCQGLIGSVITEAQHIIGCRQRHARGSLQGRVKLSGKSRIIVGKAALPRRNCRGQPLKV,10.64,-0.23,59,Lactiplantibacillus plantarum (firmicutes),496851
1,MGHSLTKRHRDGLGRCSCRRLVFSCRRLLGYTITSRRTGNLSTSIGSFSSRCRGIIAGS,10.63,-0.31,59,Lactiplantibacillus plantarum (firmicutes),496851
1,MALNGRTIAILMTRVTKVPANVVTPSCRYCDADRCPVNLTAGRRNNHCWIPQAIRAMVSRRVPVSTPFWKSKGHWLRSF,10.63,-0.17,79,Lactiplantibacillus plantarum (firmicutes),496851
-1,MICPDVCHRPVRSSKTKCSTFPSCPGNGLSHSSRIRQPRSTAAAMTPAMACKRRAGSVTTPWAPKALRPTSN,10.62,-0.51,72,Cutibacterium acnes (high G+C Gram-positive bacteria),77258228
1,MAQQRRGGRRRRKVDFIAANHIEYIDYKDTDLLRRFISERGKILPRRVTGTSAKNQRSLTIAIKRARIMGLLAFVSED,10.6,-0.61,78,Lactiplantibacillus plantarum (firmicutes),496851
-1,MAEVHSPSKALKPMARTAPTTAIPNARSTIRRPSPGASGLGMSKANSRSLERPWKKAISPRAIPIAAAMKPTW,10.59,-0.45,73,Cutibacterium acnes (high G+C Gram-positive bacteria),77258228
-1,MFVYNESTKDWRGGGWHSQLLKRLFGWIRVGKLFMWTWTRFMRRSKSGSIQPTRRSR,10.59,-0.78,57,Lactiplantibacillus plantarum (firmicutes),496851
1,MTGLQRRRSRYVSNTHPKRFSASARALRISSRTSARSPLMRISSGVPM,10.59,-0.66,48,Cutibacterium acnes (high G+C Gram-positive bacteria),77258228
1,MGSQLHTTLRPVASTASMTLGRLVRTALLPIRVMKVRRPGSWSGSRASAIATASSPVVVGPSLTPSGLRTWRRNST,10.59,-0.02,76,Cutibacterium acnes (high G+C Gram-positive bacteria),77258228
1,MANRLRKAPPKLYRKVDKVPPRRAVKIKRSHVRVITSVNDNV,10.58,-0.77,42,Lactiplantibacillus plantarum (firmicutes),496851
1,MPTVKIATRTITSTRRMPNLKNNKTTKTSAIVSKIPASSGKPNNIFKAIAVPITPVISVAIIATSFKIHAA,10.58,0.17,71,Lactiplantibacillus plantarum (firmicutes),496851
1,MTMRRKPRVTWVARLMVLARPRLRCMVFILPREGAHERGLMRGRTVSVR,10.58,-0.18,49,Cutibacterium acnes (high G+C Gram-positive bacteria),77258228
-1,MKRAPRAPGRANLPLLPLGPGGVQSGAAARGTKFHFNRRPARGTTRGNAARIIIGCNNA,10.58,-0.47,59,Cutibacterium acnes (high G+C Gram-positive bacteria),77258228
-1,MSTASRRFLSRPVGRLAGSRPWSSVGSPTIRCPRAVGTLLRLGYPGLSTPIVRRRDPSHSTWMSSASPARAPPVTTT,10.58,-0.33,77,Cutibacterium acnes (high G+C Gram-positive bacteria),77258228
1,MNSVALKPSPRRRFCGGSRPSIRRASMVETSISTAKFPHGTSPSVPSSFAISTPNQENRSQRPARRSRV,10.58,-0.8,69,Cutibacterium acnes (high G+C Gram-positive bacteria),77258228
1,MAVFWIHRKASGSVRSRLVCKIPLAWSTILRDSRRSSRSMTSSSTPRISAKRAIAISIAGMTSEASKGLTT,10.58,-0.06,71,Cutibacterium acnes (high G+C Gram-positive bacteria),77258228
-1,MKYKTTFKIKPPFTPAKDLAIFSKIITKTLSKLLLKKLVNVLHQLDKLILTFITKLNLNKI,10.58,0.24,61,Staphylococcus epidermidis (firmicutes),83699348
-1,MRSWRDAARASRVPVAPVPPRSVAIMIAAMTWSASALSRSSARPCRADRVSHRESRRATTRVSGSIRGSGA,10.58,-0.37,71,Cutibacterium acnes (high G+C Gram-positive bacteria),77258228
1,MLNTGKGTKKNWIAAPIATKVIMRRGCSRRIGREATMTIDDKRAAMYSGRGHSTRLTR,10.58,-0.67,58,Cutibacterium acnes (high G+C Gram-positive bacteria),77258228
1,MPQSRSRVIARGRNSSSRLWENFKTLGRQSVRVSIHDANDSARAGRSRKKCSVSRNSGAAPVVFDLGSIRSAGSS,10.58,-0.68,75,Cutibacterium acnes (high G+C Gram-positive bacteria),77258228
1,MTSHASRPRPKLATPRCTSCTVSPKPSVRSPALERAPGFSSRTRLLMRRAASKLVVPP,10.57,-0.45,58,Cutibacterium acnes (high G+C Gram-positive bacteria),77258228
-1,MTLRSVPGSLGAPSSTISHPNMTSTCRLSLPIRKRSWMPLPRMSRLLSPRSFVICWRLAGARRTSTSMIFASS,10.57,-0.03,73,Cutibacterium acnes (high G+C Gram-positive bacteria),77258228
-1,MSKSGLVVFIVCIRGQRYMSSRRRFLKWVVAKLFQKFWRLELRGSLQSMTKSHSVYT,10.57,-0.06,57,Lactiplantibacillus plantarum (firmicutes),496851
-1,MMATGNAMSITISRERNLCLPMSRTARRLMRRRWGRPRAIASPERRTALVGISGVVRADITTGHVSGCR,10.57,-0.28,69,Cutibacterium acnes (high G+C Gram-positive bacteria),77258228
-1,MLYLLSTTWRVGRVVMHRTRNPANRLIPARRFKSCTLLIKAVETRYKK,10.57,-0.3,48,Lactiplantibacillus plantarum (firmicutes),496851
-1,MTINKPNWGQVIVRWTRHMGCNKVRNRPAISNPQPVTVNAPYFGKMVRGIKVFVATPMADKPPQNKMTGEIARLFK,10.57,-0.43,76,Lactiplantibacillus plantarum (firmicutes),496851
1,MASRNISQLRFSSSLTRRTRLPLRHILSIAECEVGGSKAVLALRICAVPVVASPSSLSSIRSSWKTFARPNARR,10.57,0.02,74,Cutibacterium acnes (high G+C Gram-positive bacteria),77258228
-1,MRCGIVKMLPFMIHKSLVNTWAGIRRIFGSSTVRLRAIRACVTWIMLSWKTVRYSIRT,10.56,0.39,58,Lactiplantibacillus plantarum (firmicutes),496851
1,MLRSGGHGRCKLARWKWPVRRCGRGLCINVQARLRATTFTSR,10.56,-0.52,42,Cutibacterium acnes (high G+C Gram-positive bacteria),77258228
-1,MPCGVINSTRGSCATHSVRILRLRLTSSRFRARTRWRCAKILTASWSFKTPPQIIV,10.56,-0.06,56,Lactiplantibacillus plantarum (firmicutes),496851
1,MRLVKLVVRQLPNCRQKWWLLTLMMWMQFPALLYRAVPSRPQSRTRYPRLNRPCQMINH,10.56,-0.36,59,Lactiplantibacillus plantarum (firmicutes),496851
1,MPSTALPTTCRSSSNSSNWVKAEFNILWSSAKYKVIMLAHYSFGKVKINWVPRRLLVMAKVPCLACKRVRIPAIPLAP,10.55,0.19,78,Lactiplantibacillus plantarum (firmicutes),496851
-1,MEWRDNYWKPKSIILGSRPQWKLLGVSGNQLFCAICVLRRCGRANWNARFHKSRRKC,10.55,-0.63,57,Lactiplantibacillus plantarum (firmicutes),496851
1,MTARTPAITASGSDSFRRYPAAPARMASTTISRRAKVVRATTRTEGWRETIIRVAVRPSISGILRSIRTTSGNS,10.5,-0.35,74,Cutibacterium acnes (high G+C Gram-positive bacteria),77258228
1,MAWRNTGRGQSLLRGNRLIRPKKIGSRSAKKSGWSFRVTTYFQI,10.5,-0.77,44,Lactiplantibacillus plantarum (firmicutes),496851
-1,MRSGSGWPRVYRWSSIWSISRVRAKSARLVPFSASSARRERKASRSS,10.5,-0.76,47,Cutibacterium acnes (high G+C Gram-positive bacteria),77258228
-1,MASTSSSLRTSANRLYISRRKRSVSTYSTGRLASTGSSIRISGSSAVVLSPRNSATASPTRRM,10.5,-0.42,63,Cutibacterium acnes (high G+C Gram-positive bacteria),77258228
-1,MPTAIAVPRRWIKCERRSFRPLWLLRGMSQVDRRADRLPIYVAPLQDLRSGYRETFRRRGR,10.5,-0.74,61,Cutibacterium acnes (high G+C Gram-positive bacteria),77258228
1,MNYFRYKQFNKDVITVAVGFKNMPQFYIKFGRKSIKKLITNGVLMRRTSK,10.49,-0.4,50,Staphylococcus epidermidis (firmicutes),83699348
1,MSRIVSSIIERRPRAPVLRAKASCAMARKASSLKSNSAPSRAIRR,10.49,-0.37,45,Lactiplantibacillus plantarum (firmicutes),496851
-1,MASRPLTSGRPTKIFRSKRPGRSKAGSSTSERFVAAMTMTPSLPVKPSISTNNWFRVCSRSS,10.49,-0.57,62,Lactiplantibacillus plantarum (firmicutes),496851
-1,MARLRYVPGRAWVRSSGPRRQCLRRNAKRPKGFSPPLPLASPLPY,10.49,-0.76,45,Cutibacterium acnes (high G+C Gram-positive bacteria),77258228
-1,MSSNSSMRLLKRSRKNPQIVTTTSTLGRSSSLLGMISQCGEFGRRGVKDRTPKRLRIWA,10.49,-0.63,59,Cutibacterium acnes (high G+C Gram-positive bacteria),77258228
1,MTASRLAWSSRLASDRNWLPRLLVKTKMVLRKSTVRPWPSVRRPSSSTCNKMLKTSE,10.49,-0.58,57,Cutibacterium acnes (high G+C Gram-positive bacteria),77258228
-1,MTKLSPPFKRILPRCPSRLTSLRRIATTTLPKTLRKRADLTVWFTKLDVSGMETSTSRTRSLVISVILIF,10.49,0.02,70,Lactiplantibacillus plantarum (firmicutes),496851
1,MTSQLSMKIFTKKLAIRMKEIKKRIYSYMRMTKKRNTLLI,10.49,-0.39,40,Staphylococcus epidermidis (firmicutes),83697148
-1,MTVRGNVYKYSKLLSPPIKKPINPLRKQKIPIKRMKL,10.49,-0.62,37,Staphylococcus epidermidis (firmicutes),83699348
1,MKITSGIRGMSSIPPKNFSSLARCFINNETSFLGNRSKVPSASIFFKSLRRLIRVWMVFQLVKVPPNQRWLT,10.49,-0.01,72,Lactiplantibacillus plantarum (firmicutes),496851
1,MYAKKNSGINSKVLPLVNKVRKFKSTPVVMKKIGMKKP,10.49,-0.42,38,Lactiplantibacillus plantarum (firmicutes),496851
-1,MLLYFYNKASLNFIYRNKSRKMKGIKSNYKNNWGNLYYYINLFFKKSIVLLYWINYAYKVFT,10.48,-0.26,62,Staphylococcus epidermidis (firmicutes),83699348
1,MWLRKLRWLKSNKAKPLRARKKIRPILNVTC,10.48,-0.62,31,Lactiplantibacillus plantarum (firmicutes),496851
-1,MSYRPLICNQKMWFNWQRMLRRVTCRLSYMIWRSFTKTLWRRLRISILSPLIFSFN,10.48,-0.09,56,Lactiplantibacillus plantarum (firmicutes),496851
-1,MTVRPASASSPMTCQKWRRASTSRPVVGSSRISTSGLGSIARAKRSRCR,10.48,-0.55,49,Cutibacterium acnes (high G+C Gram-positive bacteria),77258228
1,MPSSMARSYRRCKSSSDNAATMRRIRSAPCARASSTWYSATTKSLRSTGISTFARTASRSARDP,10.48,-0.77,64,Cutibacterium acnes (high G+C Gram-positive bacteria),77258228
1,MKFSSRMCFFFLPIARRNRSAPPRVYPASFRAIDMICSWYTMRWYVGARISSRSSLSSGWIGMTGSRLFLR,10.48,0.01,71,Cutibacterium acnes (high G+C Gram-positive bacteria),77258228
-1,MRIGRRSSKPPIVTSSPCLKKTVGCRGPSSATRPAYRPQPPNNVSNVLKPRGSSLDITPR,10.48,-0.76,60,Cutibacterium acnes (high G+C Gram-positive bacteria),77258228
-1,MAPSLLARPPSWPKPLPRPSGRRWSRLRPLVKECAEQFIVRSVGCVSPRLRIRSVLPR,10.48,-0.35,58,Cutibacterium acnes (high G+C Gram-positive bacteria),77258228
1,MDMPWTSIRVSMTRLPSSSRSRASRVWAMLGLPRRASGRRKQKNGTVLASSLSMASIRASMCAVLCSSQ,10.48,-0.16,69,Cutibacterium acnes (high G+C Gram-positive bacteria),77258228
-1,MMRISSKTAIKIVKRSSDKICELPTKPIPIASQTIPSWSFFQILKSPNMTSGKKAYPKASPIATRVNINSK,10.48,-0.27,71,Lactiplantibacillus plantarum (firmicutes),496851
1,MRPSGEPGRLILVALTRRVTCGLAKFLVFRLAGPMRMRSCRLIETIIKLSRPMRRPIMTVSF,10.48,0.29,62,Lactiplantibacillus plantarum (firmicutes),496851
1,MLPNSSSNSSSMRGCGGSTASSVTPSTRSSMRFVRRAAPSKAALIGCTSVTRRPRPSQPLQRRP,10.48,-0.63,64,Cutibacterium acnes (high G+C Gram-positive bacteria),77258228
-1,MLVALINYYKRLKMLGSVLLMKKVILMLERSKVSKKFLRRNLVTLARLLELKSMIPCGCI,10.48,0.61,60,Lactiplantibacillus plantarum (firmicutes),496851
1,MPMPIQPVVLYKPTKPLVNASLTVRKTGPTIVKVRKPVMTIANIGVNVKSNAPLICLWKNFSRVAKI,10.48,0.28,67,Lactiplantibacillus plantarum (firmicutes),496851
1,MRVLRLSSRAGVPRAPRKYLLVTMVEALTLQKSGNSTPRCSKTTSPVRQFVCTTSRRSQVTSS,10.48,-0.36,63,Cutibacterium acnes (high G+C Gram-positive bacteria),77258228
1,MCWPRCPGGVEPRSRSALMASSSRKPCSRSARIRERIQYLSNELGASGRSTGRSVDLSLAGAPARARKSVRAG,10.48,-0.59,73,Cutibacterium acnes (high G+C Gram-positive bacteria),77258228
1,MNCLRGATSLPIRISKVPSASAASSTVMRRRVRWRGSIVVSLSWEASISPRPLYRCGSLNRTPFFASWAAVRWYSASV,10.48,0.05,78,Cutibacterium acnes (high G+C Gram-positive bacteria),77258228
-1,MTSSFARPSIFSAMSFAIRTRPRRSVARIPSLICVITESRRRFSLSVFACASWTRFDKLLKASASSPISSLPYIFTRCV,10.47,0.28,79,Staphylococcus epidermidis (firmicutes),83699348
-1,MTSSFARPSIFSAMSFAIRTRPRRSVARMPSLICVITESRRRFSLSVFACASWTRFDKLLKASASSPISSLPYIFTRCV,10.47,0.24,79,Staphylococcus epidermidis (firmicutes),83697148
-1,MPSKARIKVVFPTPFSPITVKKSPCSMLKFKSLNTWLFGKPIPRCWTAINGSVITLPQLSKLK,10.47,0.1,63,Lactiplantibacillus plantarum (firmicutes),496851
1,MLRRVSMRTPRMRIVSIFCKPFAMSMKCYLRKAGIKKFGMSLITILIFS,10.47,0.5,49,Lactiplantibacillus plantarum (firmicutes),496851
1,MSSWTSNRTGGRPTLRRSSSFSRANSRFSASSSSTSRSSFRVTRKVVCCSTCMPVNSWSR,10.47,-0.68,60,Cutibacterium acnes (high G+C Gram-positive bacteria),77258228
1,MTIISRALTRSSSTRSTGKSGCVVRRPCSSRIRTIAGSGRLTGCCRAGRTNGSVPPSSAQMVSVTSSSWLSVP,10.46,-0.13,73,Cutibacterium acnes (high G+C Gram-positive bacteria),77258228
-1,MARSTIPLFQPEVLKCNASQMELPTFWNIKCLRRLTMMRFKFLVSTGRARTLSLASRRRAICSQLPGTCRTTS,10.46,-0.09,73,Lactiplantibacillus plantarum (firmicutes),496851
-1,MARPSLFSNSAVFGSSKSFSSASTKRAVDLPSRSSKKKFTKPSNLAWSTCGCCNWLINSPVFSAKLPGIKSK,10.46,-0.25,72,Lactiplantibacillus plantarum (firmicutes),496851
-1,MRLSSVMTPCGGKGTTCSRMSRLCCTRSMIGISRWGPGLRRRLNFPSRSTRPIFCW,10.45,-0.26,56,Cutibacterium acnes (high G+C Gram-positive bacteria),77258228
1,MAGHDIFVLGLKVVKLTGCNPQFSHCLFSGHGKSLLRLGRTKWFAISSKYLTHNRRVSWLAISHRAVNIKH,10.0,0.02,71,Lactiplantibacillus plantarum (firmicutes),496851
-1,MVRIPCWHVLQSLGIHSITSRYPKRLGRLTFARLPQFLGYQLYVRYFQRVHGRTARMAQSHPRNEQLLPS,9.84,-0.38,70,Lactiplantibacillus plantarum (firmicutes),496851
1,MLCVKVRLAQPVPRDCFELISRPRRVVLIRITLSRTIVSNIQVIEYRRDIVHRFGTRINQGHPRPHHILNKWPQ,9.83,-0.26,74,Lactiplantibacillus plantarum (firmicutes),496851
-1,MWKPPPTHVFHTKITMTLLMTRQGRGKAHFKIISKDAWKRLTKPRQHFSIPITC,9.83,-0.51,54,Lactiplantibacillus plantarum (firmicutes),496851
1,MKLSTINPMFFHFYEKNGTKLSSITQLLHYMSAINIIVRWHYVFQLRIPFRQQKSARKSTTNACLKPAHLILKI,9.83,-0.05,74,Lactiplantibacillus plantarum (firmicutes),496851
1,MRKFPWNHRSIVDNCANIHKTQCRVCLLSPQNFKSRSLHLSHYRQQLIVRIRRFVMLVKES,9.82,-0.44,61,Lactiplantibacillus plantarum (firmicutes),496851
1,MCHLTKKRPLNNRSNYPKGAYARYHLIANRTHIRLLIAFTTTKRVHNNGCYQ,9.82,-0.77,52,Lactiplantibacillus plantarum (firmicutes),496851
-1,MTRRRIFVFLRPLNALRRTGFARPGLLLIRTEPLVRHPRHDTNRSADIVRRLGPPWDDGMRHR,9.77,-0.69,63,Cutibacterium acnes (high G+C Gram-positive bacteria),77258228
1,MPTIPELSALKCVMQLIRKRQQSSTKRLQSSKLIVWRKLQLAVKQHQLMLQKLWHGLHQMPQGILPDSRFRLMVE,9.76,-0.29,75,Lactiplantibacillus plantarum (firmicutes),496851
-1,MVSTNFQVHGSVLKKQRQFVAGLRKFRRYLPLKLSPFVVHWFQRNVRSWWLIGGPWVLGVVVCSDHRPLLARE,9.76,-0.0,73,Lactiplantibacillus plantarum (firmicutes),496851
-1,MLSPALPTARPKTSFLKLALITLSAPFKPCNNVTITHQNKDRLSFHSNLQRSPGLLSKHRLRTNYIIISKNNNI,9.75,-0.31,74,Lactiplantibacillus plantarum (firmicutes),496851
1,MKTLKLKFQKINFTQQLIKFVIIDFKHYLFKNIITIIHKLILIKLLNIHISNYITKSTRWLILQS,9.75,0.42,65,Staphylococcus epidermidis (firmicutes),83697148
1,MVDLISNIKTPSVNPELFDPIFGHINQVSLYRGVLGVNFRHRCSRRKGFIIKPLRLRITSHRPAMNMKPISKP,9.75,-0.22,73,Lactiplantibacillus plantarum (firmicutes),496851
-1,MKLLRQLGTIRIFRHLLLNILICRHFNLNVTVRRCDRQEVPLHNSTLPRLVTYTNRRRFL,9.74,-0.13,60,Lactiplantibacillus plantarum (firmicutes),496851
1,MKWLFMVSRQHRRKLNWPIKLAQPPFLCAMILGTRPIIIFLIRCLMGSVRHYQLVWRLPSTVGGSFFMAWQLAIHQ,9.74,0.38,76,Lactiplantibacillus plantarum (firmicutes),496851
-1,MVNVSLKRACLVGHPIKHALLRLLKLSVTHCNDRYCQLQIVFLYQQRSLAYSVRAGRIRLPQYWK,9.73,0.02,65,Lactiplantibacillus plantarum (firmicutes),496851
1,MKRSCRNSRLCQLCHPGGCTRQVINSQAPGNALVQLLNKIQIVRKAHQINHLIIFAKVR,9.72,-0.16,59,Lactiplantibacillus plantarum (firmicutes),496851
-1,MGCVVHRAAGRLGGRGAAVKNSRCRPQRHSCQPSDILDRRFVSHLSLLSSSSVRCRRVFPCPPYGNVSMSV,9.71,-0.26,71,Cutibacterium acnes (high G+C Gram-positive bacteria),77258228
1,MVGQFPSLLGWLTQWPRTAARNRPHFRSSKRVNLLNRAVGQLPVVRVVVHFTGSMNSRPPR,9.67,-0.33,61,Cutibacterium acnes (high G+C Gram-positive bacteria),77258228
-1,MGKQSGILRGAIKALREIHHYYRLVIKKFMNWQRRSRIFGLVISMSVR,9.67,-0.13,48,Lactiplantibacillus plantarum (firmicutes),496851
1,MRVRLPLSRGSRAMTQLQRFHGIPGGSRKLAPGVLVPSRVSANHTRYLPGTMSATSAPKPA,9.67,-0.34,61,Cutibacterium acnes (high G+C Gram-positive bacteria),77258228
1,MSGQHFRRKRAKKLGLLKFIHLFLKIGFAIFGYRAIIFLVGKI,9.67,0.53,43,Lactiplantibacillus plantarum (firmicutes),496851
1,MKKTGIIIHLGSGTANVTSIQRLNRIHSRVSYRSFVTQPRRFQLPTLNLYWVLIIMKRSTIPS,9.67,-0.05,63,Lactiplantibacillus plantarum (firmicutes),496851
-1,MINSCQRKIIELVFTKNHPTTASLQLRRSFTNCIRGKGIFRINVVLRHDQAAIRLLRNLLQR,9.66,-0.15,62,Lactiplantibacillus plantarum (firmicutes),496851
-1,MVATRLAPTSPSSSASTLRKRTAGGVLLIRAGLRTLLPRLRPAAQRCHRLHA,9.66,-0.07,52,Cutibacterium acnes (high G+C Gram-positive bacteria),77258228
-1,MSRKVTSSAPSRPYSAASSTGSPASRRPTKLTPLTTRPSLTSRHGMTRIATAMTSGYRAAHPPC,9.66,-0.64,64,Cutibacterium acnes (high G+C Gram-positive bacteria),77258228
1,MRSSLCRFRTTQCAFEIVRRLGGTVRLWTSGRRRRSRRGGRTVGAVGNASSNPLAADGERAISSHPHIAGENSW,9.66,-0.62,74,Cutibacterium acnes (high G+C Gram-positive bacteria),77258228
-1,MWLVPQPHRLQIVLKRGITTTRIRHKINTLSRRSLNCRRILF,9.66,-0.29,42,Lactiplantibacillus plantarum (firmicutes),496851
-1,MTIRIVRSLTRLRCFTRISDTCMIIAVRVRCFAVIIVVRYGRSTMIIVVRVGRVNVIIFWQDNGHHSRFS,9.65,0.61,70,Lactiplantibacillus plantarum (firmicutes),496851
-1,MHVRLCTGRRIRINVLTRLSQVTIQTMDTNTRNLRREVRIPWRLCIRINMVDRPSTKCH,9.65,-0.45,59,Lactiplantibacillus plantarum (firmicutes),496851
1,MSASRSFVRCSGFRIDPACDPSVQEPCRGLRRVPRSEGRRYPLGRGDPVQLLHQVSHRLRRATRGLGR,9.65,-0.78,68,Cutibacterium acnes (high G+C Gram-positive bacteria),77258228
-1,MASHCPGWKSALLRPTRRRRIATPWVRRSSTFGIASVVVVMAPPCAVIFSGASDSFVARFRHGGRTP,9.65,0.05,67,Cutibacterium acnes (high G+C Gram-positive bacteria),77258228
-1,MTASSVIANGFFRNSKSNARSLPDSVMCHTAVSLACPKASATIMTAPITMSSKARLFSRVRHGRKSNCRNSAVVL,9.64,0.02,75,Lactiplantibacillus plantarum (firmicutes),496851
-1,MPMKFSRRCWPMCNGALRWSSQHVAVRSQPRHLGSRKNPRAPAWRACGVPAALG,9.64,-0.55,54,Cutibacterium acnes (high G+C Gram-positive bacteria),77258228
1,MIKTCHFLNSKAASLGSLRTVRVSVNLLRVRVLHRLPGISANCRNVVGTDLSRSPRLKYWPFTNQAKDAC,9.64,-0.09,70,Lactiplantibacillus plantarum (firmicutes),496851
-1,MRRFNFTNQTKDPRSIGTVHICNPQRFIIRQTIIRPLFSIKCNRCIHVVRINIATRNGEVLRIDFIKVGIILIC,9.64,0.15,74,Lactiplantibacillus plantarum (firmicutes),496851
-1,MSTLSINPVEKRCCTCTCSGQSRCISKVGKPSLISHGPIVAPGAVTNAAVSIPARLNRREHATKKSKGNPVPRCG,9.61,-0.25,75,Lactiplantibacillus plantarum (firmicutes),496851
1,MRRKGRTAVPRAATTTSVPTMRDPITGTVLTMIPAAVRPAMPRPTARTIPLLHAPGRRSTNQA,9.59,-0.35,63,Cutibacterium acnes (high G+C Gram-positive bacteria),77258228
1,MVNQILGVPRSLAPRMDRQGRSRRALRLQPYLTSRAKRWLHFPGK,9.59,-0.76,45,Lactiplantibacillus plantarum (firmicutes),496851
-1,MNLRSWSRLKRRATHKMTLKRQLFVVTVRAGERVPFRGLSLI,9.59,-0.29,42,Lactiplantibacillus plantarum (firmicutes),496851
1,MVIITIYQEAPMMEKQDLASARRRLRGTNLKSRKRALKILHDARRNASKAK,9.59,-0.75,51,Lactiplantibacillus plantarum (firmicutes),496851
1,MRITRRSTVEKQSQSTVSRKRQRLIAVTTGYHALTKRRNAITIAAA,9.59,-0.59,46,Lactiplantibacillus plantarum (firmicutes),496851
1,MPVKMSLIKRQNPLRISWPPALRSGPPKSRFFHPVRLSPKLGPIIRRNVLD,9.59,-0.39,51,Lactiplantibacillus plantarum (firmicutes),496851
-1,MARRWDRSHRLGLALGIQFPGLAFFLVSKGQNSPAKSPSSRRALMPDRKRAATAPSMSR,9.59,-0.52,59,Cutibacterium acnes (high G+C Gram-positive bacteria),77258228
1,MLLPSLHLTTLLVVSMPPRNSLRSWETRVKSSTYREPRVPRLPVTVVRDSARKSPNIQASKWSPSRLPILIALRLST,9.59,-0.19,77,Cutibacterium acnes (high G+C Gram-positive bacteria),77258228
1,MIAWEVKHVDQMASASTEGAKTSIVSPTRPPRKRPATMIPMGMTRASSSCSPLRITRRTSVRAWLRTRAAAGAA,9.58,-0.31,74,Cutibacterium acnes (high G+C Gram-positive bacteria),77258228
1,MKFHQIKSNNLYQQMMRIKIKRILLQKINKKKQMI,9.58,-0.71,35,Staphylococcus epidermidis (firmicutes),83699348
-1,MSLRSRLLVPSALSSRVRPFRSLLAPRPTLWPRTLRICADDRYRISSRRHPDAVVRGS,9.58,-0.39,58,Cutibacterium acnes (high G+C Gram-positive bacteria),77258228
-1,MLFILDGKVGFTSTSKLQDIWMVMRLKIMKSIILKINHRTNITTIVKMINIKATNNIINRNKIK,9.58,0.19,64,Staphylococcus epidermidis (firmicutes),83697148
1,MRTNSDFGTWSWKVTLVRRSLATSSMAHCLRAPAPTNRKLTSGRRRAASTMRSSPT,9.58,-0.66,56,Cutibacterium acnes (high G+C Gram-positive bacteria),77258228
-1,MIKLSNRFTQYLFLLYSHLEIKMPKIVTIIVLIKATRKEIQKDVKSGIALNSLYRKLIFFKNLFSFIRF,9.58,0.38,69,Staphylococcus epidermidis (firmicutes),83699348
-1,MMVGRDRLVRSTSSAAVRAPSARSSRSTSSLRWPRPAGLSCEVIVSHSCPGLSRARSRRLMENRFESVFQKVVTY,9.58,-0.35,75,Cutibacterium acnes (high G+C Gram-positive bacteria),77258228
-1,MVILSWSHVVVAIVSVMVRARRLRCNQRGRSAAERRRAEGKRRF,9.58,-0.26,44,Cutibacterium acnes (high G+C Gram-positive bacteria),77258228
-1,MLGRRPWLRNGLRRRLKHWGWGALTWYTGPVIKRRLNVNG,9.58,-0.75,40,Lactiplantibacillus plantarum (firmicutes),496851
-1,MANPTWSKAKKTVRSRTRLRVARLSVRVGCAAERLEDTSNGVHRWMITGPAGLQNPAYRMARP,9.58,-0.62,63,Cutibacterium acnes (high G+C Gram-positive bacteria),77258228
1,MWNSRPPLIRQNPRSAHIRAVSTRTGAASRKRKVLSSVARAWFIIAWTISALMWY,9.58,-0.14,55,Cutibacterium acnes (high G+C Gram-positive bacteria),77258228
-1,MNPLATRRSTMRAMVEEWTSRSRARSTPRVTPASMRTRSRYCGALTSSASSARERAATSMRAHDACKAISTSV,9.58,-0.64,73,Cutibacterium acnes (high G+C Gram-positive bacteria),77258228
-1,MRARAISTRLRSPSLRVPHIRSPIPPSPIRSSRASARARSCSS,9.58,-0.56,43,Cutibacterium acnes (high G+C Gram-positive bacteria),77258228
-1,MRITTLNVPKKGSFILMKLIRSPRRVKMSQLHGMFPVKGFNKPS,9.58,-0.23,44,Lactiplantibacillus plantarum (firmicutes),496851
1,MTRKPVMPASAAVPLSRFARPMHKPMDSSRARFSKMTFPAALITWKMSWRMGLSRTG,9.58,-0.28,57,Cutibacterium acnes (high G+C Gram-positive bacteria),77258228
1,MADAGSPALITCTPKAAIIAPLSVHRPGRGRRNSTPASAIRSASRVRRREFAATPPPMRK,9.58,-0.42,60,Cutibacterium acnes (high G+C Gram-positive bacteria),77258228
1,MHNCQKTKNTQSITTGASLITSRSRRATRWLSKSPKTFVFRMTRLFQ,9.57,-0.72,47,Lactiplantibacillus plantarum (firmicutes),496851
-1,MQRLMLVLRSNLVTIIKLLTTISLAQLVQWPPSGKCSTIPSNKPLVSYQLPTKMHTATTIIRSMLIRKRLMAAGGII,9.57,0.43,77,Lactiplantibacillus plantarum (firmicutes),496851
1,MATKPGFTGLIAKKKFVKLLTKRLRRYLGRGSRVVHVAPVSIDTGSLVATC,9.57,0.18,51,Lactiplantibacillus plantarum (firmicutes),496851
-1,MKMNPRYVKVFFLYLVSTFISNRLTTNKSLCKTLMQGILGYGLFALGLKYLTIKKKQHQAQ,9.57,0.08,61,Staphylococcus epidermidis (firmicutes),83699348
-1,MSKSCKLTWPKLPIRATSIAVISGTNRISRVFKIRAVVIPFGHRTKTLSAW,9.57,0.16,51,Lactiplantibacillus plantarum (firmicutes),496851
-1,MASSTVSMRVTHTATPASRNKVTSCSRFSSWLATTRSGRRSMIALRSGFLVPLTLTTSCPTISSRWVGRMQ,9.57,-0.07,71,Cutibacterium acnes (high G+C Gram-positive bacteria),77258228
1,MRLTKGTKIHSKAATAPAKTPTPTKYEMPLANKITAAMAKLIVAPPRSGCTKISKIIANSITN,9.57,-0.15,63,Lactiplantibacillus plantarum (firmicutes),496851
-1,MAPRPLIATRSCQFPSSHLPGARTWAMGSSSTSTCRSRSPLTISKDSSPALPWAARTVPPWPLPRRRVLARSAP,9.57,-0.38,74,Cutibacterium acnes (high G+C Gram-positive bacteria),77258228
1,MLSKTINKLKISLLIQATKLKVYINKTRHFTGCMRMRASCFLLKFYFN,9.56,0.17,48,Staphylococcus epidermidis (firmicutes),83699348
1,MVSRRCLSSSRVRDHRPAAANTCWASPLVRGPLAGQAQVRMFSMESVRRDAKVDKKRSRCSSAWASA,9.56,-0.53,67,Cutibacterium acnes (high G+C Gram-positive bacteria),77258228
-1,MPHYTKSNRIISINSIKIMSTNKCIKKVKNTMRRWYYELRMCYNVRN,9.56,-0.74,47,Staphylococcus epidermidis (firmicutes),83697148
1,MRTLRQSSALARDTCCTSWAGASGSRQRWQASRSSSLQGQSRTIWKACRRASHTFWGSLNSAR,9.56,-0.78,63,Cutibacterium acnes (high G+C Gram-positive bacteria),77258228
1,MRRIWSNSVRMSASCSTGVAGRRATDARAPIDRSSRASLIGAVAASRWKVTDCAPASTYCRAHRSGFSIMR,9.56,-0.27,71,Cutibacterium acnes (high G+C Gram-positive bacteria),77258228
1,MIKFSKAASLKPTNIPIIRIGISVTARVSSRRCHSGKRMCK,9.56,-0.07,41,Lactiplantibacillus plantarum (firmicutes),496851
-1,MLRCLLTRIADQMCSTIASNMKIRKIHKKDSPGRIGLRIVRRKPA,9.56,-0.3,45,Cutibacterium acnes (high G+C Gram-positive bacteria),77258228
-1,MPHYTKSNRVISINSIKIMSTNKCIKKVKNTMRRWYYELRMCYNVRN,9.56,-0.75,47,Staphylococcus epidermidis (firmicutes),83699348
1,MVRQKVTVFYSMIKMMCGTWRSSLVTTGLHNGFRMMPTRWLPTKLRFNGLILMIPITLCGLMVFKNLLRNTI,9.56,0.44,72,Lactiplantibacillus plantarum (firmicutes),496851
1,MTRRPRILPPIISPRLCFIIKLVLHIFVIFSPYNRSEMSANFKAGNRDKKVLKIAFSACCALMNR,9.56,0.28,65,Lactiplantibacillus plantarum (firmicutes),496851
1,MPSPRLRSSSRTFQTSVWFGQIAVSRRRCRRVDLYLLGDGAQHRKCVIKMLTTSKNVSDVSYYAK,9.56,-0.46,65,Cutibacterium acnes (high G+C Gram-positive bacteria),77258228
1,MRRMVMPSSTKACEMYRSSARRPSVCSALAMAEAITLRIGSAAACGWNFSMVTASTASIPRTRLITRRHLLALIRT,9.56,0.18,76,Cutibacterium acnes (high G+C Gram-positive bacteria),77258228
1,MLSKTINKLKISLLIQATKLKVYINKTRHFTGCMRMRASCFLLKF,9.56,0.22,45,Staphylococcus epidermidis (firmicutes),83697148
-1,MGATVKEGRTICSTATRSSCLTRHLLGASLTGWPFWRRTRCTSSRLWTSRCRYRS,9.55,-0.5,55,Lactiplantibacillus plantarum (firmicutes),496851
-1,MSFSPSKSTTSQSWRCTRNSKCCSPRTVYTKIARPSRRISMTLSHSASLTRAGT,9.55,-0.68,54,Cutibacterium acnes (high G+C Gram-positive bacteria),77258228
1,MLRLLNQQFLVISGGSLRKLTLTVISMKLALILISFRIINHCQRKRVFCGDCIFNVARQRKLN,9.55,0.45,63,Lactiplantibacillus plantarum (firmicutes),496851
1,MQQHVGNRRLGGSAFGRGRSKLFSSSLVPSSSQLCCVVSSLRCLSSRRSLCKTPCRWATA,9.54,-0.17,60,Cutibacterium acnes (high G+C Gram-positive bacteria),77258228
-1,MRAIPSISHRNQLCGRRGLRTQVLRLRQRRALSIRTSSGQRPVCCELCC,9.54,-0.42,49,Cutibacterium acnes (high G+C Gram-positive bacteria),77258228
1,MYQRLQHILTLFPFIVRCKNIFNYTIKARQCSFKKASTMMSISICCITSKYWKCNK,9.53,0.03,56,Staphylococcus epidermidis (firmicutes),83697148
1,MTAFAPYLAKNCCARCCLDWGRWRCNHGKRIRWRPISKLTVSPITAATKNTGTRI,9.53,-0.34,55,Lactiplantibacillus plantarum (firmicutes),496851
1,MYQRLQHILTLFPFIVRCKNIFNYTIKARQCSFKKSSTMMSISICCITSKYWKCNK,9.53,-0.01,56,Staphylococcus epidermidis (firmicutes),83699348
1,MPIRCNLANICRRTFSSIYSAPIVLLKFCTNCINARTTMPKKYRPAKYHMTGTVACPVLR,9.53,0.07,60,Lactiplantibacillus plantarum (firmicutes),496851
1,MKRQPKSDKPTRAQRKALRQQARQARIAELKRLSQTQNPLQIQDKLILPIELIFSLVVVIIIMRWWLG,9.5,-0.33,68,Lactiplantibacillus plantarum (firmicutes),496851
1,MASRRPVARMATRRSRTSWRSSALLYEIAAVVAWRMSAVTAVRSVSLGKPLPTKVT,9.5,0.02,56,Cutibacterium acnes (high G+C Gram-positive bacteria),77258228
1,MLPSVAVRAANARPSSLERVRVFVMRVRSRPRLRWLARTVTSVMNVAGSR,9.5,0.0,50,Cutibacterium acnes (high G+C Gram-positive bacteria),77258228
-1,MRRVRAAAASSEERMIAMTSSMSTMANSRPSTRCSLSWALLSWNFVRRRVTSRRWSR,9.5,-0.51,57,Cutibacterium acnes (high G+C Gram-positive bacteria),77258228
1,MTKRSGSKAAAKFAIPRPSQMPMSAMSSMARRSPSTAARVTSGPMRLPGLRSAT,9.5,-0.4,54,Cutibacterium acnes (high G+C Gram-positive bacteria),77258228
1,MAGSMPRSSSALTATPRASNMMRLRTSRTTARRSMLLAAISSTRAPNIAGGRLSTTYQPRSSTA,9.5,-0.39,64,Cutibacterium acnes (high G+C Gram-positive bacteria),77258228
-1,MRQAKIPFTTSRPNKTRLAARAAFKLNFAKPISPKMPPR,9.5,-0.67,39,Cutibacterium acnes (high G+C Gram-positive bacteria),77258228
-1,MPFLTSMTRRVPLVRSVRSLTSAIPVIFLDCTRVLIWSMIRSGPTMYGSSVTTMPRRRGETFSMRAVARILKEPRPVQ,9.5,0.09,78,Cutibacterium acnes (high G+C Gram-positive bacteria),77258228
1,MVYSNPATKAVSKNRFRLIAMSNPMSKARWEGLSRAPFQTKIPSPTAMRQRRPSV,9.5,-0.63,55,Cutibacterium acnes (high G+C Gram-positive bacteria),77258228
-1,MASRTSMPLVPRPKVASKPVSAAISRFTWVPPATRTTLSRMPFSVARSANFRIMVRWMSL,9.5,0.08,60,Cutibacterium acnes (high G+C Gram-positive bacteria),77258228
-1,MPTKPTSADGMRRIMPSSIPRPARRIGTTRGLGRVRATPSVAVSGVVTVVGSMRTSRVPS,9.5,-0.19,60,Cutibacterium acnes (high G+C Gram-positive bacteria),77258228
-1,MIRARLMAIVKERWFLALVPVTRRGKIFPRSEIKRRNKSVSL,9.5,-0.12,42,Lactiplantibacillus plantarum (firmicutes),496851
-1,MNSLWGRQRKLRPSGLPIIPGTLNGYRVVPVVVRRLAWLPSRPRWLWALIPVARSASLER,9.5,-0.06,60,Cutibacterium acnes (high G+C Gram-positive bacteria),77258228
1,MITIPSRRKKAKLSFYLVRRLKRGAIMRAS,9.5,-0.26,30,Lactiplantibacillus plantarum (firmicutes),496851
1,MATASRRTDRPTESKASVAVRTSRAMPYRVSATTTLIGSRIFVPRMSGKRTNSGREGRA,9.5,-0.68,59,Cutibacterium acnes (high G+C Gram-positive bacteria),77258228
1,MVFRSGPMTMRPLRVPRLPKPRQISSINAQIRTRSSTSWILKRLP,9.5,-0.45,45,Lactiplantibacillus plantarum (firmicutes),496851
1,MLMKKSQFGRKIIRKARIISYRVAFMFTFQVYNGSYVERRDGYRLIMSSGARLSEMKIS,9.5,-0.21,59,Lactiplantibacillus plantarum (firmicutes),496851
1,MTPRTATNKLGRQYFFSNFKSLSKPAMNIKIITPSSAKSFIKLVAETQPNTAGPSIIPLNNWPITAGRPIRTLR,9.5,-0.27,74,Lactiplantibacillus plantarum (firmicutes),496851
-1,MRPKLRRIQYKTLKIRIWMMNYQIAMISPVMKKRMM,9.49,-0.31,36,Staphylococcus epidermidis (firmicutes),83699348
-1,MVAISAMSQPALWRARSRARVLPAGTMRSRAALMSSILICRMRTASMTRMR,9.49,0.16,51,Cutibacterium acnes (high G+C Gram-positive bacteria),77258228
-1,MSRWIVRRSGRAPSSGSKPRVDSSSLAAGVTSIPMSLSARRSSSCPTMRSTIRRMSGWVS,9.49,-0.38,60,Cutibacterium acnes (high G+C Gram-positive bacteria),77258228
-1,MMVMLSVLIPIERAISRLSPVTMKAWPRLVCKKTIRSTVMILITTRPTKTLSKYLGSDSKK,9.49,0.23,61,Lactiplantibacillus plantarum (firmicutes),496851
1,MLLIKRPASWLKKGINLFLLAVFPANIYMARKGLPLGDKELPKWALYSRLPLQFVLIKAIKKL,9.49,0.41,63,Staphylococcus epidermidis (firmicutes),83699348
-1,MSIKKIPRVNMTAGFSTIKVISNKNNPKNKKKIR,9.49,-0.76,34,Staphylococcus epidermidis (firmicutes),83699348
-1,MASMNRPRPINQLISRGLRKAPVKKIRSMCTVAAATKRMAAQWWI,9.49,-0.24,45,Cutibacterium acnes (high G+C Gram-positive bacteria),77258228
-1,MYIGSKYMADKIIPKLIITRQAPTRKPGIANVLRFRIGESMVSCRWAYQARITSPKIKAPSTAGAPQP,9.49,-0.2,68,Lactiplantibacillus plantarum (firmicutes),496851
1,MRRRSRSPSSLTIPARLRLLRAATTSANRSSMRPMSRATPACTPSFLNTCAAPMPGLPIRLLSNTSSQSE,9.49,-0.38,70,Cutibacterium acnes (high G+C Gram-positive bacteria),77258228
1,MTSVRPSTRLLPPAWSPRAPRSTPSRTSSPPRSSTGFTASPSTREPRPSTLACWPLASVRATRSSSLPSLSPLPATR,9.49,-0.59,77,Cutibacterium acnes (high G+C Gram-positive bacteria),77258228
1,MPVTTRAATASRARGVLCLRSRVARRSPTVTTRVVRRPPSG,9.49,-0.33,41,Cutibacterium acnes (high G+C Gram-positive bacteria),77258228
-1,MRKFIFYLILAIAAFGLMMNLDEFLFSIMKAIISFAIIALIIYSIYYFFFLTEDQRKYKKALRKYKRQKRKQ,9.49,0.39,72,Staphylococcus epidermidis (firmicutes),83699348
-1,MPGRTILVTYSKPASAKRALARSRSISSTLLVMRNSSTTSGNATKSLTKFSSK,9.49,-0.32,53,Lactiplantibacillus plantarum (firmicutes),496851
-1,MPANPLAWASWALREARRALKLPDALAASSLRRIRAPFPGPAISRTASVRRCNSYSGVSPTLVSAWMRATSSRL,9.49,-0.11,74,Cutibacterium acnes (high G+C Gram-positive bacteria),77258228
-1,MVKSRDLSLLQKVLGNKNLQILYVTKNKLKMLKLMLRLKLKIAV,9.49,0.22,44,Staphylococcus epidermidis (firmicutes),83699348
-1,MITGKLTLRKSLPFKQLSGKKLPVRWPKRSIPLR,9.49,-0.47,34,Lactiplantibacillus plantarum (firmicutes),496851
1,MWSRPSRGRCRPFRIMVILTEYLRTLNRSLTKGRKWSTGFFRERINYG,9.49,-0.72,48,Lactiplantibacillus plantarum (firmicutes),496851
1,MLLIKRPASWLKKGINLFLLAVFPANVYMARKGLPLGDKELPKWALYSRLPLQFVLIKAIKKL,9.49,0.4,63,Staphylococcus epidermidis (firmicutes),83697148
1,MRMQRSSKSTFVARQRASSRSRMSVARGVSTSVAKASKTSCG,9.49,-0.6,42,Cutibacterium acnes (high G+C Gram-positive bacteria),77258228
-1,MMFTLLIRRINLKSRLMKKFKSLQLLLSNETIKITQCFKTVFNFIIILITLLFRNGRIIFDFLFFKYLI,9.49,0.78,69,Staphylococcus epidermidis (firmicutes),83697148
1,MIRTPLRFPSLIISIRTMFASRCALGWTNRIRLGANRLVAMVLNKSSSRSGR,9.49,0.13,52,Lactiplantibacillus plantarum (firmicutes),496851
1,MLRTDSSSIVTRKRIRLSMNVRWWANSSASSSASRWICMISAIRSKMASTRPGTSSSAGKS,9.49,-0.33,61,Cutibacterium acnes (high G+C Gram-positive bacteria),77258228
1,MIWARIQSFWVRTTSNSGRRSQLLIRRKYWGPCMMVLNFGALNKARSKT,9.49,-0.35,49,Lactiplantibacillus plantarum (firmicutes),496851
-1,MPVTAISKVRGIGVALIASTSTLTLMRLSASLCSTPKRCSSSTMTKPRSLNSTSLASKRWVPTTTSTVPR,9.48,0.08,70,Cutibacterium acnes (high G+C Gram-positive bacteria),77258228
-1,MKVGTLQKAVTIRLLRNSCMTNTTTVSSLNGTMTAPVIFQRSRYLRTGRMWKSSWACYPVRPIP,9.48,-0.15,64,Lactiplantibacillus plantarum (firmicutes),496851
-1,MWRARRRPAAIAVPTPAPSIPAPPTWRPVPLRVAASWAMRSRWPGAGCGMAPRCRSMT,9.48,-0.26,58,Cutibacterium acnes (high G+C Gram-positive bacteria),77258228
-1,MWFPSICAFRSRLSPRQLRTSTAPCVGLSANLFDVVVTYVRKLRWRPLPNRLRWQAARG,9.48,-0.15,59,Cutibacterium acnes (high G+C Gram-positive bacteria),77258228
-1,MSFRKTMVIIIPSTRLKSMTGLKRTRNCNNKSKWLNAPWNPKPS,9.48,-0.74,44,Lactiplantibacillus plantarum (firmicutes),496851
1,MISFGLNSKSRSCFSSKSRPVMMFSSRSALRKNCLILLRARRV,9.48,-0.03,43,Lactiplantibacillus plantarum (firmicutes),496851
1,MRACKFISAAKATAWKKSSTVSVSKPPSRGFVSSASKTKYDRPLRSTLT,9.48,-0.45,49,Lactiplantibacillus plantarum (firmicutes),496851
1,MAPPFSKVSLLRAKLAKKFLNSLRKLSKKPACGLRV,9.48,-0.01,36,Lactiplantibacillus plantarum (firmicutes),496851
1,MFTDPNARPARVTATKIAARIVKRTGNGSPRRPCVCRLRTSR,9.48,-0.64,42,Cutibacterium acnes (high G+C Gram-positive bacteria),77258228
1,MARKNSANTMPTNPTFNKARIVTNSPIRPMTFPVICRLAATVGFFLRVEVRRFFVVACLRATLRSSFLN,9.48,0.22,69,Lactiplantibacillus plantarum (firmicutes),496851
1,MGMGQWKSRAMSKNTGMPTGSPSPRSLKAKSWLKPASPCPYSNSPPPILGTWMQPLRPGFVSPWWISTPWRR,9.48,-0.68,72,Cutibacterium acnes (high G+C Gram-positive bacteria),77258228
-1,MAVNKFLISVNSLVFKLVTSTTRFIRAVCSIKWFVIFPLIRKSKLSCATTSLIMVRIKSERLS,9.48,0.73,63,Lactiplantibacillus plantarum (firmicutes),496851
1,MVIPRSRSISMRSKYWARALRSSRTPVICNIRSARVDLPWSMCAMIQKFRMTAGSVLPG,9.48,-0.01,59,Cutibacterium acnes (high G+C Gram-positive bacteria),77258228
1,MYWLSKLALCVLRRRTLYEEPALLMLAGRPPFIGSQIRRVLSTLLPRSMRSLRRARAWNMASPPCL,9.48,0.07,66,Cutibacterium acnes (high G+C Gram-positive bacteria),77258228
1,MSKMITIRWLLRKLSLKKMDMFIQIQILTTQVKRPKFIKVQFLMCIVLLTRTLIFLV,9.48,0.76,57,Lactiplantibacillus plantarum (firmicutes),496851
1,MLPKVRPTKAGLDTTKRRKSSSLRSLVRVRSETCPRCSTARLTSSGFPTTST,9.48,-0.66,52,Cutibacterium acnes (high G+C Gram-positive bacteria),77258228
-1,MKRSTKSTAISSTRLSLLPYLGKSPSISKSVTRPSSLRIGLTCAYLIADKESAATDNPAIPVAIVRIISVSCKAISRRS,9.48,0.1,79,Staphylococcus epidermidis (firmicutes),83699348
1,MRKLRRIMYFSFKTFKCLFFFTWRNRNRFNSNFSVKY,9.48,-0.51,37,Staphylococcus epidermidis (firmicutes),83699348
1,MMAPMNPAPVTPATAPATKPGAMPGRSARPKPIYPARAGSKKPKAACPTAKRTAPM,9.48,-0.52,56,Cutibacterium acnes (high G+C Gram-positive bacteria),77258228
-1,MTPPVPAACGGRCPTASTPSPRGENSPPSTTKALPAITCRLRRPSRPARNSIPGAATTGRRVMGKAGPSMPSG,9.47,-0.58,73,Cutibacterium acnes (high G+C Gram-positive bacteria),77258228
1,MISAAVSGRRIKPDPLPFFATFATGQPIFKSIPLKPISAKPILISRNCSGLSPQICATIGCSSSLKVKRPRTL,9.47,0.22,73,Staphylococcus epidermidis (firmicutes),83697148
1,MASQCRRSMRRVCSLRQMCGVVTRGASWITPPKLLDGSAPSSLSFTLPSAGSVTMRVDLKKVLPNSTRSTSRSSLP,9.47,-0.17,76,Cutibacterium acnes (high G+C Gram-positive bacteria),77258228
-1,MTTRPPRRLSTSCPIRNFRSKISASSGQTSKRWSALPDVARGARCSAKGRCQDSGWAFSSAS,9.47,-0.71,62,Cutibacterium acnes (high G+C Gram-positive bacteria),77258228
1,MISAAVSGRRIKPDPLPFFATFATGQPIFKSIPLKPISAKPILISRNCSGLSPQMCATIGCSSSLKVKRPRTL,9.47,0.19,73,Staphylococcus epidermidis (firmicutes),83699348
1,MRGRRFSGSRACCTAEYWYCRRLAKAYLLAARVGSPSGIGVLRSVASNQSRASR,9.47,-0.3,54,Cutibacterium acnes (high G+C Gram-positive bacteria),77258228
1,MKGRSAYWSTAAKTAFNNSSIKRNRSCGVRPPYSSVRRLLCGEKNCWIK,9.47,-0.72,49,Lactiplantibacillus plantarum (firmicutes),496851
1,MRVPTMSEGTRSGVNWTRAKLPPKTVAKERTARVLATPGTPSRRMWPLASTPTMSCSTMRSWPTMTRCTCPMA,9.47,-0.49,73,Cutibacterium acnes (high G+C Gram-positive bacteria),77258228
1,MTLEPIVACTGISKFCRGIIVLSLAAISRPRAGAKSRCAIKLRASTWSPFNKISILTRSLAR,9.47,0.43,62,Lactiplantibacillus plantarum (firmicutes),496851
1,MSKPIPTSSELACIVNKSARGVPSPLPISKIRCAVFGNAALMAWTMGPKKPACKTRRRAASMLASYSLAT,9.47,0.09,70,Lactiplantibacillus plantarum (firmicutes),496851
-1,MGRNMVREKPPESSLSPPMKRLMRRLPNCCAESPRCGFQGRGRCRSVSGIFVGIRSASWAR,9.47,-0.59,61,Cutibacterium acnes (high G+C Gram-positive bacteria),77258228
-1,MPSCSLTTLGLSTLLVALMPALQMASISVRWRGCRWLLRIFSARKGSPLQRPPRCSKGGSPRTTPLSSPAVRMPEW,9.47,0.0,76,Cutibacterium acnes (high G+C Gram-positive bacteria),77258228
1,MKKFANPENSGVANISSMIVPCIVKSWLKVSWCINCIPGYANSARISRARMPPKTKKNSDVPKYSRPIFLWSVVVM,9.46,-0.01,76,Cutibacterium acnes (high G+C Gram-positive bacteria),77258228
-1,MSLTTGGRACGATSTRSRSCSRASCNACSTLTMPTCSPLGPTRRTSGTRIRSLMRGSVLMGSSRMSVLLDRGA,9.45,-0.17,73,Cutibacterium acnes (high G+C Gram-positive bacteria),77258228
1,MVSFKFATVKPGCKTFTLVRLKRVTVITLTRCGPGNFCCTRKKSVS,9.45,0.2,46,Lactiplantibacillus plantarum (firmicutes),496851
-1,MLRKRMSACSKCRPYVVTALKNARLPSNFVTFAICGVFSVSNRCCKVSTCMCGNRYDAYWK,9.42,0.03,61,Lactiplantibacillus plantarum (firmicutes),496851
1,MSLITSGALVTSAALVTQRVRHPFHLQFRHVALRPPPSQQLKYRPHHWKLRHLQFQALVHQYLVAKVTGHQC,9.18,-0.21,72,Lactiplantibacillus plantarum (firmicutes),496851
1,MGGVTFVAPWLRFDESVHGSHRRLFQLLPVSGSDHHQVRTVSVRRFLPGPSRYQGHLPVVLSTIHKPRHPLVKLRLGLR,9.11,-0.21,79,Lactiplantibacillus plantarum (firmicutes),496851
-1,MWGRVRAKCSDPPLHHRSTLRLQIGQHIVKVIRLDQNVPRLRPLRRPHDITGLEDVHKTARLSKAHTQLTLQH,9.1,-0.69,73,Cutibacterium acnes (high G+C Gram-positive bacteria),77258228
1,MKSKTVSSCSSRNHHLATHHVHPTTKVKFTGSISWYRHRLRLVKG,9.01,-0.72,45,Lactiplantibacillus plantarum (firmicutes),496851
-1,MGVNARDLSQIRHLPRLRTVAKVAVRKHDHGGAIGHRDTASLQRSVEAIRRGLRCEHRDGRFAIASKHCL,9.01,-0.56,70,Cutibacterium acnes (high G+C Gram-positive bacteria),77258228
-1,MRVLIFYLFIFLLIFYQLGNIRKCNINHKACKTSFSPSMIHFHFIKKSLNQSFMHYNPFKLTRNHSLHFS,8.99,0.11,70,Staphylococcus epidermidis (firmicutes),83697148
-1,MIAQRWSSRQKPSHHHVVIRSREQPRLKIIRTFFVHQIVLVPNWCTSFPQFIVHNTKLGRELQSQLVVTK,8.93,-0.3,70,Lactiplantibacillus plantarum (firmicutes),496851
1,MKEHRYIWEQHLRNSANIFRSLFKKLKINIRRIIFLFLHGMNGAKEDISNQIRLINMDISKICIRHSKQMMH,8.93,-0.38,72,Lactiplantibacillus plantarum (firmicutes),496851
-1,MRHKLPQNAMAPSQSRLFGRTRRHCARLRLAQTTAHPLHYGGPRGIGAVGSAAALQAVGQGFESPMLHVR,8.93,-0.39,70,Cutibacterium acnes (high G+C Gram-positive bacteria),77258228
-1,MVVVPKKVQTLAQHLNQLLVMSLMLLQHKHYQKATSLKLQKKYLQCAKQLLKQWLILNTLHLMLH,8.92,0.11,65,Staphylococcus epidermidis (firmicutes),83699348
1,MMGRTLPVCFPASPHRHTYRRQLCLLVPTHDDSRRRTLIGVPSFHCVGRHLNVSRRNGRPIGNVPAST,8.91,-0.46,68,Cutibacterium acnes (high G+C Gram-positive bacteria),77258228
-1,MLNCRTHRKFKLYQKLIGRTIYTSILHFMQIKILFIMWIDFKIHITLSFLHSIFLERLRKIMI,8.84,0.47,63,Lactiplantibacillus plantarum (firmicutes),496851
1,MLELFHNFPWSRNVFRKINIFHTFKQISKMTFFTFKILHKTIKAQYLNLLYFATIGIYYQNEGIYKIHLFKFK,8.84,0.04,73,Staphylococcus epidermidis (firmicutes),83697148
1,MVLNLRRQILHGHRSATITGQIKHLPLRIIKFGNNCSRNTNSHRSK,8.84,-0.64,46,Lactiplantibacillus plantarum (firmicutes),496851
1,MLELFHNFPWSRNVFRKINIFHTFKQISKMTFFTFKILHKTIKAQYPNLLYFATIGIYYQNEGIYKIHLFKFK,8.84,-0.04,73,Staphylococcus epidermidis (firmicutes),83699348
1,MRFICHNNHIFTFCKGSHGRFILFRFKFLHRCKYNTARLNR,8.82,-0.34,41,Staphylococcus epidermidis (firmicutes),83699348
1,MVIQMRRINIRNHRNMWVQSLNTTQHKTRKLSHHCVGRRSLLCNC,8.82,-0.7,45,Lactiplantibacillus plantarum (firmicutes),496851
1,MIFTQFAHKIIANGCRYSLPNKREPFCLFGSCSFSYIFNHNFKQRLRYLTSNKLTSLNCRCRHNSFFHLITQ,8.8,-0.25,72,Staphylococcus epidermidis (firmicutes),83697148
-1,MTLRTPAGRPASRNVLASSKVVNGVAEAGRITTVHPAARAGAILRVAIANGKFHGVMNRHGPTGRLVTN,8.76,-0.03,69,Cutibacterium acnes (high G+C Gram-positive bacteria),77258228
-1,MARSVPHAWLIVTGRVQPGLIGLGVRSMPHSVNSRRHISELGSSPRPVSNWTRAPRLAPIRAVLATPPQVVTKSVP,8.76,-0.05,76,Cutibacterium acnes (high G+C Gram-positive bacteria),77258228
-1,MARAMAGSALTATHRPRTRGFHGAVDPRTLFLYVIVFLLGLAGGWLGIKVGRKHFQRAGLTK,8.76,0.2,62,Cutibacterium acnes (high G+C Gram-positive bacteria),77258228
1,MNLSELKNTVPMKKVTGLRKLLPANGVVAQDPYHGQVVTTLTSLSYPLRTGPTTLKTSRYSRRPVHITGAGHRSSWL,8.76,-0.38,77,Cutibacterium acnes (high G+C Gram-positive bacteria),77258228
1,MTTWARPEASRRSMKATPPWSRRCPTHPARVTSLPMSLARRVPASWVRSTFHPSVVAGHA,8.75,-0.5,60,Cutibacterium acnes (high G+C Gram-positive bacteria),77258228
-1,MRKLSSVGAPCGREARWTARVVVGRVVLMGVLLFSTPLQHYLPTLARASRSHQTIPRRVIAGHAQ,8.75,0.08,65,Cutibacterium acnes (high G+C Gram-positive bacteria),77258228
1,MFLFLSVKVTKHRDKCKGLRRFSESSYFKPVTPNRMFQVGPSVLHTQLSFSHYIRITSLKAN,8.75,-0.26,62,Lactiplantibacillus plantarum (firmicutes),496851
-1,MPRQMTRRKSIHSGAGPGHTRTISHATAEAAIMASMRVPRRMGCRLVRMPAVGPAMALAMT,8.75,-0.14,61,Cutibacterium acnes (high G+C Gram-positive bacteria),77258228
1,MDATMMGSRAAMWLHARITPPSVGMFSLPTTRGCHKARTPGPKSAYLKNSYHMGPPRRPSLAAPRVP,8.75,-0.45,67,Cutibacterium acnes (high G+C Gram-positive bacteria),77258228
-1,MMLMKYGHLFYQLWLSYLMKTILMQIKLKVLVLQTNVKRQLYGIKIQVVQSITLSFGNHVRHKIFVQI,8.75,0.46,68,Staphylococcus epidermidis (firmicutes),83699348
-1,MIERNPLRLKIRAHALGIRNSFGCQRRITRPLNLLQPIKKCFTMPHHI,8.74,-0.32,48,Lactiplantibacillus plantarum (firmicutes),496851
-1,MVVVPKKVQTLAQHLNQLLVMSLMLLQHKHYQKATSLKLQKKYLQCAKQLLKQW,8.74,-0.14,54,Staphylococcus epidermidis (firmicutes),83697148
-1,MKIRKTQLKGGLELRFLGCQAIIATCAYRLGLRLSSGGRMNHDHRRSAAHLRLIPTPLSLI,8.74,-0.03,61,Lactiplantibacillus plantarum (firmicutes),496851
-1,MNNAVRVVSVRPVRRPCRQFHRRHVTPASSHQMTSPISGCSIMASPFAVVSNDSCPVARIRRAGPL,8.73,-0.17,66,Cutibacterium acnes (high G+C Gram-positive bacteria),77258228
-1,MVLGRRKVFCQSISCGGYGSISGVLTCQRMILQPVLGSGLRRPNVFLNSIIRRSWHQYKQIWALTHHNGSAT,8.73,-0.02,72,Lactiplantibacillus plantarum (firmicutes),496851
-1,MCCHSSSAVISTSRFAITPGSAAAVRAARANLSLVHVIAISLVAFPWPPPHTLCQPRPCPRGRPPSTRFAALCRRLAP,8.71,0.28,78,Cutibacterium acnes (high G+C Gram-positive bacteria),77258228
-1,MSRSCARVRGRSVTRRAMTRLTNLSERCAAIGTLLPASQPTHLTGACPPRHPNCCLHCRS,8.71,-0.36,60,Cutibacterium acnes (high G+C Gram-positive bacteria),77258228
-1,MRCCGRCMARTISKRASWLSHFLGQHRGCSLVQQRLHVVEPVCVAGYGAGDGNRTRVSSLGSWRSTIELRPQCLKT,8.71,-0.26,76,Cutibacterium acnes (high G+C Gram-positive bacteria),77258228
-1,MRPCSPKCSLVARLGMRHGSNGAARSSLLPNICLQRLPMSYETFPWGISSPMRRQCGYCRTSEHSRWSCIRWNH,8.7,-0.52,74,Cutibacterium acnes (high G+C Gram-positive bacteria),77258228
-1,MRLVAIMRPLMIMAMRRLRPAGEKIIVPAKTKVARISKTMIMRHHPPD,8.68,0.05,48,Lactiplantibacillus plantarum (firmicutes),496851
-1,MSWKTRLQTVNGSGVEVMAASIVGIDRHSARTTKKRTTARIGWRAGPNGVRASARSQHRWDISSTV,8.68,-0.57,66,Cutibacterium acnes (high G+C Gram-positive bacteria),77258228
-1,MATRTASPGIEMSRIRSPTRGELSGRVSSTRFARPFWKVNRRTNSPTVTASSTKAAISRGVETATSTPHTWSNIHSFPG,8.68,-0.62,79,Cutibacterium acnes (high G+C Gram-positive bacteria),77258228
1,MRQPTFHKGAVISATKRGRGIKHSQTDIDRSIPLREGPAITRQKVRFLRGTVPQL,8.68,-0.68,55,Cutibacterium acnes (high G+C Gram-positive bacteria),77258228
1,MLRQHRNEPTGSFIASHLSVRFRAGLDSVIFARLRMRMASRMYTRPVITVRTKAMIMTAQAMT,8.68,-0.03,63,Cutibacterium acnes (high G+C Gram-positive bacteria),77258228
1,MPIPSTSSRIALVMPATMVRKIFCGFLTRTWRPSLTVASSLSLGRWSMVSRHSISSVPDRAARRPGEGMRLAH,8.67,0.02,73,Cutibacterium acnes (high G+C Gram-positive bacteria),77258228
1,MVIWRLKLSAHYLRKRGIKLLQRNSTTMFNRIRH,8.67,-0.47,34,Lactiplantibacillus plantarum (firmicutes),496851
1,MNSFVFAKTRHKIKRFYVARTFFWHVNFSNFFNQQLKRKFISFMP,8.67,-0.26,45,Staphylococcus epidermidis (firmicutes),83699348
-1,MHNAAKGPPPPIGVRRRARRPAGKVAMGRVKTVSIHP,8.67,-0.61,37,Cutibacterium acnes (high G+C Gram-positive bacteria),77258228
-1,MGHVNRRLISRCQPRFTSSETSLGTIIPLHRRPRVIARLGLNDRKRIVMTVPTTN,8.67,-0.4,55,Lactiplantibacillus plantarum (firmicutes),496851
-1,MAWATSIGVQSRARPASRRRTCSTSLRSGSSPLMSPSPDQRAQRTRYAIVGRPPPMALPRPPGHEPVGGHP,8.67,-0.76,71,Cutibacterium acnes (high G+C Gram-positive bacteria),77258228
1,MRLLFYYVKYNNIIQQRLKPAIYYKRANLIRRKHHVSLI,8.67,-0.33,39,Staphylococcus epidermidis (firmicutes),83699348
1,MNHYKLIVQVSHRQVLAQWPVLVTQTRKILMKLKKLWIQKLVR,8.67,-0.01,43,Lactiplantibacillus plantarum (firmicutes),496851
1,MNPTKGRKTKTNNHAHIEFAVRLSMKIIMNAKTKFNKKALTNKILIIILD,8.67,-0.31,50,Staphylococcus epidermidis (firmicutes),83699348
1,MVVIHQRRSPSRLDALVTSARVLIPRPNSLMSGFCPDMSTLTVTVAPVLTSPTLTARPLCAPSITTAARGRRLFSHRR,8.66,0.12,78,Cutibacterium acnes (high G+C Gram-positive bacteria),77258228
1,MRCHIGVARKILARSGSHGPASAGVRQIRKVGRGRS,8.66,-0.41,36,Cutibacterium acnes (high G+C Gram-positive bacteria),77258228
-1,MYNFHFIKKSIYRLLILNTKNHSFSIINVLRSDFTFKNLFFSNKKQAMGIFFMTVNVKVCKSLNTMIPNIF,8.66,0.26,71,Staphylococcus epidermidis (firmicutes),83699348
1,MLRWGQRTPPLDGRAPHVRRWRPAWFCGRQSVPALWRACHDVNQRSGIRRLALPEQGQAVLPTGRGTQ,8.66,-0.77,68,Cutibacterium acnes (high G+C Gram-positive bacteria),77258228
-1,MTNHTARMSRSRTKFCKVNKPLQLKVISLLLMKIIYFHIIARQPGSRGAISAEPALFS,8.66,0.07,58,Lactiplantibacillus plantarum (firmicutes),496851
-1,MIIRPLYIGNRHNIFKLKTMFFFFFDFKKGLFLHVLDCLFKTCVFIIIRYLKKSKEFVLR,8.65,0.56,60,Lactiplantibacillus plantarum (firmicutes),496851
1,MARRLRHHCGVMCWAPPASGVPSKGSKKFTGTESTPCLRRSKITSTNSSSVSPMPAITPEQGDRPLRLRTSTVSILSS,8.65,-0.46,78,Cutibacterium acnes (high G+C Gram-positive bacteria),77258228
1,MIVICNKRRTGHLQTKNGRHGIRILNLGPIIWLGNCFKIRQFCQSRP,8.64,-0.26,47,Lactiplantibacillus plantarum (firmicutes),496851
1,MIIISCYYVRCLFNGLWRISHRNTNPRCLEHRNIIKVIAKRNRFSRGNLIIL,8.64,0.02,52,Lactiplantibacillus plantarum (firmicutes),496851
1,MRKRRAVLVVAFQLVNRRLAITKFPTPRRNDASNKNHCGSCDSNCLNRLTISYHPPPRECCF,8.63,-0.55,62,Cutibacterium acnes (high G+C Gram-positive bacteria),77258228
1,MTLLTIYYFIKFFFNFIGCFFRYWFTGKLFFTRVIILFSYWIINTTYKPWFKHIPFIKESRLCLNHLSRGNSCGLTKC,8.63,0.46,78,Staphylococcus epidermidis (firmicutes),83697148
-1,MTIRPRRARRSDKEVAKDRMTPTSLAAVISNPVSRGTPSTLDPRPTMVLRRARSLISTTRRHEIE,8.6,-0.78,65,Cutibacterium acnes (high G+C Gram-positive bacteria),77258228
-1,MRMENIWSASAASSRVTWSSRRLSGSMVVSHRSSASISPRPLYRWIGLTWGSFLPWVRPSSRSRSRSSSE,8.6,-0.48,70,Cutibacterium acnes (high G+C Gram-positive bacteria),77258228
1,MSVTRTTASSSTDMKMSRSSMKRRVAPLSVVRVGLRILMAQGDPSLRSWPRHTVPMEPRPSTSSRT,8.59,-0.53,66,Cutibacterium acnes (high G+C Gram-positive bacteria),77258228
-1,MSASVNVLRPSTPEAGARRSHATTMPTGASRIPSSWRSRRWARRSGVRSSA,8.59,-0.76,51,Cutibacterium acnes (high G+C Gram-positive bacteria),77258228
-1,MIRNVSLGRRMQGRFNRHLNAVTLWWPLEFAVVRRLISLGNGSGKRRLLS,8.59,-0.17,50,Lactiplantibacillus plantarum (firmicutes),496851
1,MGPPRSEHIMSPRTIPRMTAEAPLMPPSQLLRAFVKAASGRPSTTYINPPATRDPTSGMMTTGMRPRSQRGGLRRVNQ,8.59,-0.7,78,Cutibacterium acnes (high G+C Gram-positive bacteria),77258228
-1,MGKDVVPPTRWMPAMSELAPLSREDSGSIVSIVRSMRGLHARATSAIGICRIVESRSTRRLRSRRRVNSIAATAL,8.59,-0.15,75,Cutibacterium acnes (high G+C Gram-positive bacteria),77258228
1,MLIRIFMNAIFFGLRVFHLFRSRIGASPFAGFLRLTRLLRILAWILFIRRQNSPWG,8.59,0.7,56,Lactiplantibacillus plantarum (firmicutes),496851
1,MCWLPRTIQKRSTMGWAGRSNLRQAHRGPAMPPRTAAIAPGAGPDPLRLYRSRNL,8.58,-0.67,55,Cutibacterium acnes (high G+C Gram-positive bacteria),77258228
1,MTASVPHPALTIMTTRRGRSRLATKLARSWKGRNVPSLPCPAITSSVRDAVRL,8.58,-0.2,53,Cutibacterium acnes (high G+C Gram-positive bacteria),77258228
-1,MIPAINHKAPAIKLKKRPMIPVITSNIPDTLAFLPIKIAATIDTINKMRSIIMRTTPKPNIKL,8.58,0.18,63,Staphylococcus epidermidis (firmicutes),83699348
1,MARAPWAAPNSTAFCRSPVSIRPATRPAAKESPPPTRSRISRLGRSTERTKPVSFDHAIADQSLRLAVRT,8.58,-0.59,70,Cutibacterium acnes (high G+C Gram-positive bacteria),77258228
1,MFTSWSTWSPPTLTATSVILMDPRSFIWTRFRHLYELRLRQCVPRSTLRRVMSSIWSVPPKRR,8.58,-0.28,63,Cutibacterium acnes (high G+C Gram-positive bacteria),77258228
1,MRAKPKNAPVDQRAVSSSPTCHSASSTTGTRMTTSRIIVRERPSPPSAYQAPTARIQRWVSERLVPLTPTMKA,8.58,-0.64,73,Cutibacterium acnes (high G+C Gram-positive bacteria),77258228
1,MRPPKINWNRPSKLEALPLPPVRSAIAIEKQSGAIEVTGHILIKKPISKTYNGRCNVKVNIKITTPNI,8.58,-0.31,68,Staphylococcus epidermidis (firmicutes),83699348
-1,MRITVIILSVRRRLQPLLLKSQNQRRLKVVRPPMCGHLLVSGQLVAA,8.58,0.3,47,Lactiplantibacillus plantarum (firmicutes),496851
1,MMLASTLRRPRCGMPMQTSLRPSSAARLHRAASKTMADSPPSRLKRF,8.58,-0.54,47,Cutibacterium acnes (high G+C Gram-positive bacteria),77258228
1,MTPTVMDGSVPASRSSRASVIASSCRAVARVSRSRGGVARPRRHLSMAASRVTWYPSPMSLYSSSAV,8.58,-0.11,67,Cutibacterium acnes (high G+C Gram-positive bacteria),77258228
1,MRPLGSRIGSVTLAPSTRVTPCDSAWRARRSSRTVRRHTMPKLG,8.58,-0.63,44,Cutibacterium acnes (high G+C Gram-positive bacteria),77258228
-1,MAKKNIVVVGAGFAGVYATKKLSKHFKKMQTSRLR,8.58,-0.19,35,Lactiplantibacillus plantarum (firmicutes),496851
1,MTIFQSFRWPSIGVTVRRPSMRLLVRITLLSLSSARSLITASTMPTCFQGHVAVARRRPPAFLPER,8.58,0.2,66,Cutibacterium acnes (high G+C Gram-positive bacteria),77258228
1,MNSFVFAKTRHKIKRFYVARTFFWQVNFSNFFNQQLKRKFISFMP,8.58,-0.27,45,Staphylococcus epidermidis (firmicutes),83697148
1,MTGGLIPKPFSPAKASPLSFRITRLYLTSDIVLSSSKLSVYHFTIYFNKRLVSAVIRRKN,8.58,0.13,60,Lactiplantibacillus plantarum (firmicutes),496851
-1,MTKSANKIISIAIKDMKHIQNVLNRLLQISAKIKNIPFSKMVKILISTSTK,8.58,0.13,51,Staphylococcus epidermidis (firmicutes),83699348
1,MGARTLWAFLRFVVGTAAGAHCSSPTRGRVRTGVWPSKLRLVKKPTVETLPARLV,8.58,0.11,55,Cutibacterium acnes (high G+C Gram-positive bacteria),77258228
-1,MSITAIKSSHPVRMKKLMTINSKARLFKKRFNVSF,8.58,-0.2,35,Lactiplantibacillus plantarum (firmicutes),496851
-1,MTAFSITRSPGVLPCNMRVRRDRSLTIRGQRIAARVPHRSNRPPSATGPTTAS,8.58,-0.57,53,Cutibacterium acnes (high G+C Gram-positive bacteria),77258228
-1,MIPAINHKTPAIKLKKRPMIPVITSNIPDTFAFLPIKIAATIDTINKMRSIIMRTTPKPNIKL,8.58,0.13,63,Staphylococcus epidermidis (firmicutes),83697148
-1,MIPSPSRPARIWLETLSSTQPPNQLKKLSMASCAGAAQVNSAWKNRNITTKKTIVPHTGWSSTLSIRSVRESRWGSW,8.58,-0.53,77,Cutibacterium acnes (high G+C Gram-positive bacteria),77258228
-1,MSSRKRRSISRTISEMRGNRRSKICISHFSRASASTV,8.58,-0.78,37,Cutibacterium acnes (high G+C Gram-positive bacteria),77258228
1,MLQFEKLQYSRLPQKKLAKISGGFNRGGYNFGKSVRHVVDAIGSVAGIRGILKSIR,8.58,-0.2,56,Lactiplantibacillus plantarum (firmicutes),496851
-1,MLIKAGRLGRLLFVIRVPFRPSGVGERSRRFELAHNPRYLKCESYPKRAVFNLGGTA,8.58,-0.21,57,Lactiplantibacillus plantarum (firmicutes),496851
1,MRSSRRYHMSCLRAKRRVPMMVLRRASSSS,8.58,-0.73,30,Cutibacterium acnes (high G+C Gram-positive bacteria),77258228
-1,MKYKTTFKIEPPFTLAIFSKIITKTLSKLLLKKLVNVLHQLDKLILTFITKLNLNKI,8.58,0.39,57,Staphylococcus epidermidis (firmicutes),83697148
-1,MFVILRFIVGCKSTAKSSIIFGRRKIDNPSIHGKWTKPISKLRDVGIIFIVQLMRTA,8.57,0.34,57,Lactiplantibacillus plantarum (firmicutes),496851
1,MTRFWIQRGNYYQVRLRQLRKPTTKGLRWFCVPAGHLLGRNII,8.57,-0.43,43,Lactiplantibacillus plantarum (firmicutes),496851
1,MVNRAYLSLSVLALVLWVAAYRHLPGWAAGITLACIVLFSLFCEWSRVRTLARIGKSRGTAAQSSRGRKLS,8.57,0.51,71,Cutibacterium acnes (high G+C Gram-positive bacteria),77258228
-1,MRWYRPPHSTACSPKRSVSVSSRKLVSMPPARKPPRALA,8.57,-0.72,39,Cutibacterium acnes (high G+C Gram-positive bacteria),77258228
-1,MKGKLKKCTKKRFSRFTFTLKIVINSSGLITTHSILN,8.57,-0.1,37,Lactiplantibacillus plantarum (firmicutes),496851
-1,MCRIFWQPGQLVRWWLWSTGPLSRRWQLVPGSHYNRRYRKLRLMLAIMPW,8.57,-0.38,50,Lactiplantibacillus plantarum (firmicutes),496851
1,MAKGSVFGRRTSASNRLPSERPSRRTGWVPQLCLRCLRRSHVVT,8.57,-0.6,44,Cutibacterium acnes (high G+C Gram-positive bacteria),77258228
1,MASSSERRSSRVVAFVIRHCTCASKRMPSPIGASRNPVERSSMVTPRRAMVAVTLWMMPGWSWPTR,8.57,-0.23,66,Cutibacterium acnes (high G+C Gram-positive bacteria),77258228
-1,MVMTRPIFQVGCFMASAALTSAREARSRPRKGPPDAVRTRRRTSLRPPPRRHWAKAECSESTGTICPEAAA,8.57,-0.59,71,Cutibacterium acnes (high G+C Gram-positive bacteria),77258228
-1,MMRLVRSAMRDSRPACTHRSDLVSRAEVASSRTRIGASLSRALAIEMRCFWPPESLIPRSPTRVSYCWENRLMKRSA,8.57,-0.4,77,Cutibacterium acnes (high G+C Gram-positive bacteria),77258228
1,MFIFTCNPLTGYLFKFRIISSDISQSSKISKKSKLKRDFYKHKSMLSAPFGSTIAPPYQRFWAVMLF,8.57,-0.02,67,Lactiplantibacillus plantarum (firmicutes),496851
1,MWVRCLIRDSPRRTALGTTRSSGPGVRATHYGFPARRCRRVP,8.57,-0.65,42,Cutibacterium acnes (high G+C Gram-positive bacteria),77258228
-1,MPKTAQNSRKASSRLVRIPPLMMMRRCHTGLSLKSRP,8.57,-0.64,37,Cutibacterium acnes (high G+C Gram-positive bacteria),77258228
1,MFTERYFKSRATLVCFAFARPRPMWVDPLASSIAALPPKIINYRGAQATRAMTHVPKWATANCVSRRTA,8.57,-0.07,69,Cutibacterium acnes (high G+C Gram-positive bacteria),77258228
-1,MHRSILPRAGGYQVNCDCSSWLLGFFVTGRRRRPKLGLGARIIPRAQTVTNRP,8.57,-0.33,53,Cutibacterium acnes (high G+C Gram-positive bacteria),77258228
-1,MTSIAMKIHVMGAIVSLKKTRPTIIAPTAPIPVQIGYAILNGKCLVANAKKPKLKTMPTTVAAA,8.57,0.5,64,Lactiplantibacillus plantarum (firmicutes),496851
-1,MSTNHQWLKAVSTIPARPAASVGGLLSKSGLMVNCSRWRMRNRKMIQPPQNIVRAA,8.57,-0.28,56,Cutibacterium acnes (high G+C Gram-positive bacteria),77258228
1,MASSLGSTPEIAKKQVCRMVLVRLRRPTLRATDRASMVHKSRCLSRT,8.57,-0.31,47,Cutibacterium acnes (high G+C Gram-positive bacteria),77258228
-1,MGPLDVAVLAERGRSRSLTVMYRCRARPVSIHNCVLRRSPGSRRRLP,8.57,-0.39,47,Cutibacterium acnes (high G+C Gram-positive bacteria),77258228
-1,MSFKLTLCISNIIPLSKSFTPVFIIKRYSMVLRDKKSYCFHKYSFLINSAVFFIPSSRLKGLSLP,8.56,0.45,65,Lactiplantibacillus plantarum (firmicutes),496851
1,MYFVVPWLIRKLAGISAARLNTSRSTKGVRNSRLWANAVRSALCNKSPFNHVCISINCILEIKS,8.56,0.18,64,Lactiplantibacillus plantarum (firmicutes),496851
-1,MRLFTVKWLPKSGDNRTTRRRQNIMKKCLSCHLRILIFNNTMLNV,8.56,-0.37,45,Staphylococcus epidermidis (firmicutes),83699348
1,MVRRIPQRNSTKAAVHATRISRNPAARPLRTIPCCWINACRVSGFSAPA,8.56,-0.22,49,Cutibacterium acnes (high G+C Gram-positive bacteria),77258228
1,MISGRMSAKSRRSITFKLIENFNPANCSFLCLNTNMHTIAAMKGAKSLILKTKRFTPIVA,8.56,0.11,60,Staphylococcus epidermidis (firmicutes),83699348
-1,MVYLRLARYCNRSAGRCILNRRLLHGKGKSNDGIRQSR,8.56,-0.75,38,Lactiplantibacillus plantarum (firmicutes),496851
1,MMTSTGSYSATISAKRCTGRSAVCTVSTGKARIASRSLAATPIRAFPQSMASLTPHRDVSGRSAGFTARSVQC,8.56,-0.08,73,Cutibacterium acnes (high G+C Gram-positive bacteria),77258228
-1,MLGSELKSCRRGRSTGRGSHRLLPTWRGTPRLGGCRCIGRP,8.56,-0.79,41,Cutibacterium acnes (high G+C Gram-positive bacteria),77258228
-1,MKVHGLRVFLATWAATCCCLLTRPRSPSASALRIRTYPRAWTPSRFWGPAGRFV,8.56,0.06,54,Cutibacterium acnes (high G+C Gram-positive bacteria),77258228
-1,MAVRSSAPAKCIIKSMRKAFVITPSKCVAITSLYSHKIPVNFLGFKNVK,8.56,0.37,49,Lactiplantibacillus plantarum (firmicutes),496851
-1,MPILAVTKASTKFCQCSPSGSRHGLPKNSGFVLKAAMTTQATGTMMRMLMITRRAWAASR,8.56,0.0,60,Cutibacterium acnes (high G+C Gram-positive bacteria),77258228
1,MTRLMTWSCHRCAATARVNVVLPAPGVAQTSQSRGLVARYESSASRCQVRKRIGIRGP,8.56,-0.2,58,Cutibacterium acnes (high G+C Gram-positive bacteria),77258228
-1,MPPLTRYLSLTPRSSSLTTPMTTPTVTKVVCWRSSGPKCVWAPDQHPTCRRKRTSSSSLLAGVLPNRW,8.55,-0.42,68,Cutibacterium acnes (high G+C Gram-positive bacteria),77258228
