Fragment,Start,End,Length,GlowScore,TargetingIndex,AMP_Potential
MRLLKLVIHLVKKLRLLLTRRHR,21,43,23,60.51,5.68,63.53
YMMRLLKLVIHLVKKLRLLLTRRHR,19,43,25,60.3,5.57,64.7
KKPCKYYMMRLLKLVIHLVKKLRLLLTR,13,40,28,59.73,5.47,65.18
RLLKLVIHLVKKLRLLLTRRHR,22,43,22,59.64,5.56,63.44
KYYMMRLLKLVIHLVKKLRLLLTRRHRI,17,44,28,58.94,5.37,65.49
KPCKYYMMRLLKLVIHLVKKLRLLLTRR,14,41,28,58.54,5.37,65.17
RLLKLVIHLVKKLRLLLTRRHRI,22,44,23,58.35,5.54,64.29
CKYYMMRLLKLVIHLVKKLRLLLTRRHRI,16,44,29,58.31,5.49,64.21
MMRLLKLVIHLVKKLRLLLTRRHR,20,43,24,57.86,5.49,64.03
KYYMMRLLKLVIHLVKKLRLLLTRRHRIF,17,45,29,57.73,5.44,64.34
KKPCKYYMMRLLKLVIHLVKKLRLL,13,37,25,57.52,5.43,64.36
KLVIHLVKKLRLLLTRRHRI,25,44,20,56.7,5.82,58.81
KYYMMRLLKLVIHLVKKLRLLLTRRH,17,42,26,56.67,5.28,64.52
KKPCKYYMMRLLKLVIHLVKKLRL,13,36,24,56.14,5.22,64.22
PCKYYMMRLLKLVIHLVKKLRLLLTRRHRI,15,44,30,55.76,5.32,63.25
ILKTQKKPCKYYMMRLLKLVIHLVKKLRLL,8,37,30,55.52,5.41,62.47
LILKTQKKPCKYYMMRLLKLVIHLVKKLRL,7,36,30,55.5,5.41,62.46
LRLILKTQKKPCKYYMMRLLKLVIHLVKKL,5,34,30,55.48,5.41,62.43
YYMMRLLKLVIHLVKKLRLLLTRRHR,18,43,26,55.36,5.17,64.46
LKTQKKPCKYYMMRLLKLVIHLVKKLRLLL,9,38,30,55.19,5.36,62.53
LKLVIHLVKKLRLLLTRRHR,24,43,20,55.0,5.64,58.81
CKYYMMRLLKLVIHLVKKLRLLLTRRH,16,42,27,54.96,5.27,63.9
PCKYYMMRLLKLVIHLVKKLRLLLTRRH,15,42,28,54.95,5.24,63.6
KKPCKYYMMRLLKLVIHLVKKLRLLLTRR,13,41,29,54.84,4.91,66.11
KYYMMRLLKLVIHLVKKLRLLLTRR,17,41,25,54.72,5.24,64.47
CKYYMMRLLKLVIHLVKKLRLLLTRRHR,16,43,28,54.7,5.01,65.25
QKKPCKYYMMRLLKLVIHLVKKLRLLLT,12,39,28,54.68,5.3,62.95
QKKPCKYYMMRLLKLVIHLVKKLRLLL,12,38,27,54.38,5.23,63.74
RLILKTQKKPCKYYMMRLLKLVIHLVKKLRLL,6,37,32,54.33,5.43,60.81
LRLILKTQKKPCKYYMMRLLKLVIHLVKKLRL,5,36,32,54.3,5.43,60.78
QKKPCKYYMMRLLKLVIHLVKKLRLL,12,37,26,53.09,4.99,64.15
ALRLILKTQKKPCKYYMMRLLKLVIHLVKK,4,33,30,52.98,5.15,62.45
LRLILKTQKKPCKYYMMRLLKLVIHLVK,5,32,28,52.69,5.17,62.79
ILKTQKKPCKYYMMRLLKLVIHLVKKLRL,8,36,29,52.53,4.96,63.9
LRLILKTQKKPCKYYMMRLLKLVIHLVKK,5,33,29,52.53,4.96,63.89
RLILKTQKKPCKYYMMRLLKLVIHLVKKL,6,34,29,52.51,4.96,63.87
LILKTQKKPCKYYMMRLLKLVIHLVKKLR,7,35,29,52.47,4.96,63.83
KKPCKYYMMRLLKLVIHLVKKL,13,34,22,52.39,5.26,60.52
KYYMMRLLKLVIHLVKKLRLLLTRRHR,17,43,27,52.21,4.68,66.23
TQKKPCKYYMMRLLKLVIHLVKKLRLLL,11,38,28,52.14,5.17,62.07
LILKTQKKPCKYYMMRLLKLVIHLVKK,7,33,27,52.07,4.97,63.56
ILKTQKKPCKYYMMRLLKLVIHLVKKL,8,34,27,52.01,4.97,63.5
RVALRLILKTQKKPCKYYMMRLLKLV,2,27,26,52.01,4.94,63.7
KPCKYYMMRLLKLVIHLVKKLRLLLTRRHRIF,14,45,32,51.97,5.16,61.12
PCKYYMMRLLKLVIHLVKKLRLLLTRRHRIF,15,45,31,51.96,5.23,61.53
MRVALRLILKTQKKPCKYYMMRLLKLV,1,27,27,51.88,5.07,62.62
RVALRLILKTQKKPCKYYMMRLLKLVI,2,28,27,51.8,5.09,63.22
RVALRLILKTQKKPCKYYMMRLLKLVIHLVKK,2,33,32,51.67,5.18,60.7
RLILKTQKKPCKYYMMRLLKLVIHLVKKLRL,6,36,31,51.58,4.94,62.82
LRLILKTQKKPCKYYMMRLLKLVIHLVKKLR,5,35,31,51.51,4.94,62.75
PCKYYMMRLLKLVIHLVKKLRLLLTRR,15,41,27,51.42,5.01,64.2
LRLILKTQKKPCKYYMMRLLKLVI,5,28,24,51.42,5.18,61.4
YYMMRLLKLVIHLVKKLRLLLTRRHRI,18,44,27,51.37,5.01,64.08
KLVIHLVKKLRLLLTRRHRIFIIERP,25,50,26,51.33,5.09,62.36
KTQKKPCKYYMMRLLKLVIHLVKKLRLLL,10,38,29,51.31,4.84,63.97
LKTQKKPCKYYMMRLLKLVIHLVKKLRLL,9,37,29,51.23,4.84,63.89
ALRLILKTQKKPCKYYMMRLLKLVIHLVKKLR,4,35,32,51.23,5.13,60.75
KPCKYYMMRLLKLVIHLVKKLR,14,35,22,51.14,5.13,60.64
KLVIHLVKKLRLLLTRRHRIF,25,45,21,51.09,5.32,60.14
LILKTQKKPCKYYMMRLLKLVIHLVKKL,7,34,28,51.06,5.06,62.72
RLILKTQKKPCKYYMMRLLKLVIHLVK,6,32,27,50.93,4.86,63.6
LKTQKKPCKYYMMRLLKLVIHLVKKLRLLLT,9,39,31,50.81,5.12,60.88
ALRLILKTQKKPCKYYMMRLLKLVIHLVKKLRL,4,36,33,50.79,5.38,58.52
RVALRLILKTQKKPCKYYMMRLLKLVIH,2,29,28,50.79,4.96,62.64
KPCKYYMMRLLKLVIHLVKKLRLLLTRRHRI,14,44,31,50.72,4.83,63.15
KKPCKYYMMRLLKLVIHLVKKLRLLLTRRHRIFI,13,46,34,50.71,5.33,58.12
KPCKYYMMRLLKLVIHLVKKLRL,14,36,23,50.56,5.14,61.45
PCKYYMMRLLKLVIHLVKKLRLLLTRRHR,15,43,29,50.38,4.68,64.6
KPCKYYMMRLLKLVIHLVKKLRLLLTRRH,14,42,29,50.27,4.71,64.23
QKKPCKYYMMRLLKLVIHLVKKLRLLLTR,12,40,29,50.26,4.73,64.04
RLLKLVIHLVKKLRLLLTRRH,22,42,21,50.14,5.25,60.19
LLKLVIHLVKKLRLLLTRRHR,23,43,21,50.12,5.25,60.17
MRVALRLILKTQKKPCKYYMMRLLKLVIH,1,29,29,50.02,5.08,61.02
MRLLKLVIHLVKKLRLLLTRRHRI,21,44,24,49.89,4.95,64.07
KLVIHLVKKLRLLLTRRHRIFIIERPT,25,51,27,49.83,4.98,61.95
RVALRLILKTQKKPCKYYMMRLLKLVIHLVKKL,2,34,33,49.76,5.31,58.45
KPCKYYMMRLLKLVIHLVKKLRLLLTRRHRIFI,14,46,33,49.71,5.28,58.89
RVALRLILKTQKKPCKYYMMRLLKLVIHLVKKLRL,2,36,35,49.61,5.59,55.07
ILKTQKKPCKYYMMRLLKLVIHLVKKLRLLLTR,8,40,33,49.59,5.21,58.63
VALRLILKTQKKPCKYYMMRLLKLVIHLVKKLR,3,35,33,49.57,5.3,58.36
MRVALRLILKTQKKPCKYYMMRLLKLVIHLVKK,1,33,33,49.48,5.28,58.01
VIHLVKKLRLLLTRRHRI,27,44,18,49.33,5.75,53.25
RVALRLILKTQKKPCKYYMMRLLKLVIHLVK,2,32,31,49.27,5.09,60.69
KLVIHLVKKLRLLLTRRH,25,42,18,49.24,5.74,53.25
RLLKLVIHLVKKLRLLLTRRHRIF,22,45,24,49.21,4.87,64.81
CKYYMMRLLKLVIHLVKKLRLLLTRRHRIF,16,45,30,49.18,4.96,62.77
LRLILKTQKKPCKYYMMRLLKLVIHL,5,30,26,49.04,4.97,61.68
ALRLILKTQKKPCKYYMMRLLKLVIHLVKKL,4,34,31,48.99,5.07,60.73
ALRLILKTQKKPCKYYMMRLLKLVIH,4,29,26,48.97,4.91,61.62
ILKTQKKPCKYYMMRLLKLVIHLVK,8,32,25,48.97,4.87,61.83
ALRLILKTQKKPCKYYMMRLLKLV,4,27,24,48.88,4.89,61.39
YMMRLLKLVIHLVKKLRLLLTRRHRI,19,44,26,48.84,4.82,64.64
KKPCKYYMMRLLKLVIHLVKKLR,13,35,23,48.73,4.56,63.68
RVALRLILKTQKKPCKYYMMRLLKLVIHLVKKLR,2,35,34,48.61,5.16,57.76
KPCKYYMMRLLKLVIHLVKKLRLLLTR,14,40,27,48.43,4.83,63.8
VALRLILKTQKKPCKYYMMRLLKL,3,26,24,48.39,4.86,61.21
TQKKPCKYYMMRLLKLVIHLVKKLRLLLT,11,39,29,48.37,4.92,61.03
LVKKLRLLLTRRHRIFIIERPTIMTLR,30,56,27,48.21,4.87,61.48
RLILKTQKKPCKYYMMRLLKLVIHLV,6,31,26,47.95,4.9,61.69
LVIHLVKKLRLLLTRRHR,26,43,18,47.89,5.57,53.33
KKPCKYYMMRLLKLVIHLVKKLRLLLTRRHRIF,13,45,33,47.84,4.76,60.63
RLILKTQKKPCKYYMMRLLKLVIHLVKKLR,6,35,30,47.83,4.43,64.54
RVALRLILKTQKKPCKYYMMRLLKLVIHL,2,30,29,47.83,4.91,61.56
LKLVIHLVKKLRLLLTRRHRI,24,44,21,47.79,5.09,60.18
RLILKTQKKPCKYYMMRLLKLVIHLVKK,6,33,28,47.77,4.4,65.04
ILKTQKKPCKYYMMRLLKLVIHLVKKLR,8,35,28,47.7,4.4,64.96
VALRLILKTQKKPCKYYMMRLLKLVIHLVKK,3,33,31,47.7,4.98,60.59
RLILKTQKKPCKYYMMRLLKLVI,6,28,23,47.58,4.78,60.96
KLVIHLVKKLRLLLTRRHRIFIIER,25,49,25,47.46,4.83,62.42
KTQKKPCKYYMMRLLKLVIHLVKKLRLLLT,10,39,30,47.35,4.61,62.58
KKPCKYYMMRLLKLVIHLVKKLRLLLTRRHRIFII,13,47,35,47.1,5.38,55.41
TQKKPCKYYMMRLLKLVIHLVKKLRLL,11,37,27,47.09,4.6,62.79
RLILKTQKKPCKYYMMRLLKLVIHL,6,30,25,46.91,4.67,61.85
LRLILKTQKKPCKYYMMRLLKLVIH,5,29,25,46.89,4.67,61.82
QKKPCKYYMMRLLKLVIHLVKKLRL,12,36,25,46.75,4.37,64.31
KKPCKYYMMRLLKLVIHLVKKLRLLLT,13,39,27,46.72,4.71,63.73
KKPCKYYMMRLLKLVIHLVKKLRLLLTRRHRI,13,44,32,46.71,4.43,62.95
KKPCKYYMMRLLKLVIHLVKKLRLLLTRRH,13,42,30,46.63,4.29,64.81
IHLVKKLRLLLTRRHRIFIIERPTIMTLR,28,56,29,46.63,4.89,59.93
ALRLILKTQKKPCKYYMMRLLKLVIHLVK,4,32,29,46.61,4.82,61.68
RLILKTQKKPCKYYMMRLLKLVIHLVKKLRLLL,6,38,33,46.59,5.07,58.6
LRLILKTQKKPCKYYMMRLLKLVIHLVKKLRLL,5,37,33,46.53,5.07,58.54
CKYYMMRLLKLVIHLVKKLRLLLTRR,16,41,26,46.47,4.69,64.16
LVKKLRLLLTRRHRIFIIERPTI,30,52,23,46.43,4.91,59.21
KTQKKPCKYYMMRLLKLVIHLVKKLRLL,10,37,28,46.41,4.28,65.05
LKTQKKPCKYYMMRLLKLVIHLVKKLRL,9,36,28,46.39,4.28,65.04
VIHLVKKLRLLLTRRHRIFIIERPT,27,51,25,46.34,4.86,59.98
ILKTQKKPCKYYMMRLLKLVIHLVKK,8,33,26,46.3,4.38,64.01
LILKTQKKPCKYYMMRLLKLVIHLVK,7,32,26,46.3,4.78,61.7
LVKKLRLLLTRRHRIFIIERPTIMTLRAK,30,58,29,46.29,4.62,61.82
KPCKYYMMRLLKLVIHLVKK,14,33,20,46.28,5.17,55.94
VALRLILKTQKKPCKYYMMRLLKLV,3,27,25,46.22,4.81,61.35
LVKKLRLLLTRRHRIFIIERPTIMTLRA,30,57,28,46.22,4.82,60.65
KKPCKYYMMRLLKLVIHLVK,13,32,20,46.2,5.17,55.86
KLVIHLVKKLRLLLTRRHR,25,43,19,46.15,4.86,57.19
HLVKKLRLLLTRRHRIFI,29,46,18,46.14,5.38,53.27
LKTQKKPCKYYMMRLLKLVIHLVKKLRLLLTR,9,40,32,46.13,4.62,60.87
RLILKTQKKPCKYYMMRLLKLVIHLVKKLRLLLTR,6,40,35,46.07,5.18,55.26
RLLKLVIHLVKKLRLLLTRRHRIFIIERP,22,50,29,46.04,4.74,62.33
RLLKLVIHLVKKLRLLLTRRHRIFIIERPT,22,51,30,46.04,4.81,61.01
IHLVKKLRLLLTRRHRIFIIER,28,49,22,46.03,4.9,58.59
LILKTQKKPCKYYMMRLLKLVIHLVKKLRLLLTRR,7,41,35,46.03,5.18,55.21
LRLILKTQKKPCKYYMMRLLKLV,5,27,23,46.02,4.63,60.95
IHLVKKLRLLLTRRHRIF,28,45,18,46.02,5.38,53.15
MRVALRLILKTQKKPCKYYMMRLLKLVIHLVKKLR,1,35,35,45.93,5.25,54.67
YYMMRLLKLVIHLVKKLRLLLTRRH,18,42,25,45.92,4.73,62.35
ALRLILKTQKKPCKYYMMRLLKLVI,4,28,25,45.83,4.77,61.52
IHLVKKLRLLLTRRHRIFIIERPTI,28,52,25,45.78,4.81,60.13
KKPCKYYMMRLLKLVIHLVKKLRLLL,13,38,26,45.68,4.63,64.24
QKKPCKYYMMRLLKLVIHLVKKLRLLLTRR,12,41,30,45.54,4.21,64.62
KPCKYYMMRLLKLVIHLVKKLRLLLTRRHR,14,43,30,45.54,4.19,64.82
MRVALRLILKTQKKPCKYYMMRLLKL,1,26,26,45.46,4.4,63.1
KYYMMRLLKLVIHLVKKLRLLLTRRHRIFIIER,17,49,33,45.29,5.05,56.97
LVKKLRLLLTRRHRIFIIERPTIMT,30,54,25,45.28,4.8,59.76
VKKLRLLLTRRHRIFIIERPTIMTL,31,55,25,45.11,4.79,59.72
RLILKTQKKPCKYYMMRLLKLVIHLVKKLRLLLT,6,39,34,45.1,5.13,56.21
LILKTQKKPCKYYMMRLLKLVIHLVKKLRLLLTR,7,40,34,45.09,5.13,56.2
RVALRLILKTQKKPCKYYMMRLLKL,2,26,25,44.83,4.24,63.86
KKLRLLLTRRHRIFII,32,47,16,44.82,5.72,48.94
LKTQKKPCKYYMMRLLKLVIHLVKKL,9,34,26,44.79,4.24,63.96
VIHLVKKLRLLLTRRHRIFIIERP,27,50,24,44.73,4.77,59.8
ILKTQKKPCKYYMMRLLKLVIHLVKKLRLLLTRR,8,41,34,44.67,4.73,57.89
LRLILKTQKKPCKYYMMRLLKLVIHLVKKLRLLLTR,5,40,36,44.51,5.41,52.41
KYYMMRLLKLVIHLVKKLRLLLTRRHRIFI,17,46,30,44.51,4.63,62.91
ILKTQKKPCKYYMMRLLKLVIHLVKKLRLLL,8,38,31,44.37,4.73,60.82
KKPCKYYMMRLLKLVIHLVKK,13,33,21,44.36,4.54,59.42
LILKTQKKPCKYYMMRLLKLVIHLVKKLRLL,7,37,31,44.33,4.73,60.78
VKKLRLLLTRRHRIFIIERPTIMTLRA,31,57,27,44.18,4.49,61.38
TQKKPCKYYMMRLLKLVIHLVKKLRLLLTR,11,40,30,44.17,4.39,61.86
MMRLLKLVIHLVKKLRLLLTRRHRI,20,44,25,43.83,4.51,64.27
QKKPCKYYMMRLLKLVIHLVKKLRLLLTRRHRIFII,12,47,36,43.81,5.25,52.57
IHLVKKLRLLLTRRHRIFIIERPTIMTLRAK,28,58,31,43.81,4.66,59.07
MRVALRLILKTQKKPCKYYMMRLLKLVI,1,28,28,43.77,4.6,61.85
VKKLRLLLTRRHRIFI,31,46,16,43.76,5.61,48.78
ILKTQKKPCKYYMMRLLKLVIHLVKKLRLLLT,8,39,32,43.73,4.81,58.93
KYYMMRLLKLVIHLVKKLR,17,35,19,43.71,5.18,54.54
LVKKLRLLLTRRHRIFIIER,30,49,20,43.69,4.87,56.0
LILKTQKKPCKYYMMRLLKLVIH,7,29,23,43.62,4.67,58.82
ILKTQKKPCKYYMMRLLKLVIHL,8,30,23,43.61,4.67,58.81
LVKKLRLLLTRRHRIFIIERPTIM,30,53,24,43.61,4.71,59.56
PCKYYMMRLLKLVIHLVKKLR,15,35,21,43.58,4.9,57.74
QKKPCKYYMMRLLKLVIHLVKKL,12,34,23,43.43,4.34,61.27
ALRLILKTQKKPCKYYMMRLLKLVIHL,4,30,27,43.37,4.6,61.17
RLLKLVIHLVKKLRLLLTRRHRIFIIER,22,49,28,43.27,4.49,63.35
VALRLILKTQKKPCKYYMMRLL,3,24,22,43.26,4.74,57.58
LVIHLVKKLRLLLTRRHRIFIIERPTIMTLRAKR,26,59,34,43.25,5.07,54.61
ILKTQKKPCKYYMMRLLKLVI,8,28,21,43.22,4.78,56.79
KYYMMRLLKLVIHLVKKLRLLLTRRHRIFIIERP,17,50,34,42.98,5.01,54.64
LKTQKKPCKYYMMRLLKLVIHLV,9,31,23,42.91,4.6,58.73
HLVKKLRLLLTRRHRIFIIERPTIMTL,29,55,27,42.81,4.62,59.43
KTQKKPCKYYMMRLLKLVIHLVKKLRLLLTR,10,40,31,42.79,4.11,62.91
YYMMRLLKLVIHLVKKLRLLLTRRHRIF,18,45,28,42.65,4.46,63.27
VIHLVKKLRLLLTRRHRIFIIERPTIMTLRAKR,27,59,33,42.59,4.71,56.87
VKKLRLLLTRRHRIFIIERPTIMTLR,31,56,26,42.45,4.26,61.9
YMMRLLKLVIHLVKKLRLLLTRRH,19,42,24,42.43,4.51,62.24
LVKKLRLLLTRRHRIF,30,45,16,42.32,5.4,48.88
KLVIHLVKKLRLLLTRRHRIFIIERPTIMTLRAK,25,58,34,42.19,4.98,54.7
QKKPCKYYMMRLLKLVIHLVKKLRLLLTRRHRIFI,12,46,35,42.11,4.72,55.42
MRLLKLVIHLVKKLRLLLTRRH,21,42,22,42.11,4.62,60.48
VKKLRLLLTRRHRIFIIERPTIM,31,53,23,42.09,4.49,59.05
LVKKLRLLLTRRHRIFIIERPTIMTLRAKR,30,59,30,41.95,4.1,62.52
HLVKKLRLLLTRRHRIFIIERPTIMTLRA,29,57,29,41.93,4.43,59.87
HLVKKLRLLLTRRHRIFIIERPTIM,29,53,25,41.91,4.41,60.02
VALRLILKTQKKPCKYYMMRLLKLVIH,3,29,27,41.86,4.5,60.98
LILKTQKKPCKYYMMRLLKLVI,7,28,22,41.84,4.72,57.8
KKPCKYYMMRLLKLVIHLVKKLRLLLTRRHR,13,43,31,41.75,3.8,64.94
LVKKLRLLLTRRHRIFI,30,46,17,41.75,5.38,51.0
IHLVKKLRLLLTRRHRIFIIERP,28,50,23,41.71,4.41,59.42
LILKTQKKPCKYYMMRLLKLV,7,27,21,41.68,4.62,56.8
MRVALRLILKTQKKPCKYYMMRLLKLVIHLVKKL,1,34,34,41.67,4.9,55.57
VIHLVKKLRLLLTRRHRIFIIERPTIMTLRAK,27,58,32,41.62,4.74,57.1
LKLVIHLVKKLRLLLTRRHRIFIIERPTIMTLRAKR,24,59,36,41.58,5.25,51.04
LRLILKTQKKPCKYYMMRLLKLVIHLVKKLRLLLTRR,5,41,37,41.53,5.16,50.86
MRVALRLILKTQKKPCKYYMMRLLKLVIHLVKKLRL,1,36,36,41.47,5.2,51.87
MRVALRLILKTQKKPCKYYMMRLL,1,24,24,41.42,4.24,60.68
VKKLRLLLTRRHRIFIIERPTIMTLRAK,31,58,28,41.34,4.04,62.87
LKTQKKPCKYYMMRLLKLVIHLVKKLRLLLTRR,9,41,33,41.34,4.14,60.4
MRVALRLILKTQKKPCKYYMMRLLKLVIHLVK,1,32,32,41.3,4.66,58.26
VALRLILKTQKKPCKYYMMRLLK,3,25,23,41.28,4.18,60.75
TQKKPCKYYMMRLLKLVIHLVKKLRL,11,36,26,41.25,3.99,63.3
MRLLKLVIHLVKKLRLLLTRRHRIF,21,45,25,41.14,4.33,64.25
RLILKTQKKPCKYYMMRLLKLVIHLVKKLRLLLTRR,6,41,36,41.11,4.73,53.91
IHLVKKLRLLLTRRHRIFIIERPTIMT,28,54,27,41.06,4.49,59.48
PTIMTLRAKRTRRQPLVIIICS,50,71,22,41.04,4.73,56.16
VIHLVKKLRLLLTRRHRIF,27,45,19,40.99,4.95,54.85
LKLVIHLVKKLRLLLTRRHRIFIIERPT,24,51,28,40.99,4.42,61.15
LILKTQKKPCKYYMMRLLKLVIHL,7,30,24,40.94,4.53,59.27
HLVKKLRLLLTRRHRIFIIERPTIMTLR,29,56,28,40.89,4.21,61.0
ALRLILKTQKKPCKYYMMRLLKL,4,26,23,40.89,4.12,60.95
KLVIHLVKKLRLLLTRRHRIFIIERPTIMTLRAKR,25,59,35,40.82,4.81,53.81
LKTQKKPCKYYMMRLLKLVIHLVK,9,32,24,40.78,4.07,61.65
IHLVKKLRLLLTRRHRIFIIERPTIMTLRA,28,57,30,40.69,4.55,58.55
KTQKKPCKYYMMRLLKLVIHLVKKLRL,10,36,27,40.65,3.68,65.9
LKTQKKPCKYYMMRLLKLVIHLVKKLR,9,35,27,40.56,3.68,65.78
KLRLLLTRRHRIFIIERPTIMTLRA,33,57,25,40.27,4.28,59.76
ALRLILKTQKKPCKYYMMRLLKLVIHLVKKLRLL,4,37,34,40.24,4.77,56.09
HLVKKLRLLLTRRHRIFII,29,47,19,40.2,4.89,54.93
LRLLLTRRHRIFIIERPTIMTLRAK,34,58,25,40.19,4.28,59.67
RLILKTQKKPCKYYMMRLLKLVIH,6,29,24,40.17,4.01,61.69
IHLVKKLRLLLTRRHRIFI,28,46,19,40.17,4.89,54.9
YMMRLLKLVIHLVKKLRLLLTRRHRIF,19,45,27,40.17,4.25,64.14
RVALRLILKTQKKPCKYYMMRLL,2,24,23,40.16,4.06,60.82
LVIHLVKKLRLLLTRRHRIFIIERPTIMTLRAKRT,26,60,35,40.09,4.98,52.15
LKLVIHLVKKLRLLLTRRHRIFIIERP,24,50,27,40.09,4.33,61.9
KPCKYYMMRLLKLVIHLVKKL,14,34,21,40.05,4.66,57.21
MRVALRLILKTQKKPCKYYMMRLLKLVIHL,1,30,30,40.04,4.46,59.66
VIHLVKKLRLLLTRRHRIFIIER,27,49,23,39.94,4.48,59.25
IHLVKKLRLLLTRRHRIFIIERPTIM,28,53,26,39.91,4.4,59.89
HLVKKLRLLLTRRHRIFIIE,29,48,20,39.86,4.75,54.17
RIFIIERPTIMTLRAKRTRRQPLVIII,43,69,27,39.84,4.41,59.25
ILKTQKKPCKYYMMRLLKLVIHLV,8,31,24,39.75,4.45,59.22
LRLLLTRRHRIFIIERPTIMTLR,34,56,23,39.74,4.54,56.79
TQKKPCKYYMMRLLKLVIHLVKKLRLLLTRR,11,41,31,39.73,3.89,62.17
HRIFIIERPTIMTLRAKRTRRQPLVIIIC,42,70,29,39.67,4.5,57.5
RPTIMTLRAKRTRRQPLVIIIC,49,70,22,39.67,4.3,58.24
VKKLRLLLTRRHRIFIIERPTIMT,31,54,24,39.67,4.22,59.58
QKKPCKYYMMRLLKLVIHLVKKLR,12,35,24,39.58,3.7,64.14
LVKKLRLLLTRRHRIFIIERP,30,50,21,39.58,4.33,57.33
IHLVKKLRLLLTRRHRI,28,44,17,39.57,4.78,51.38
PCKYYMMRLLKLVIHLVKKLRLLLTRRHRIFI,15,46,32,39.56,4.47,59.58
KLRLLLTRRHRIFIIERPTIMTL,33,55,23,39.53,4.54,56.86
IHLVKKLRLLLTRRHRIFIIERPTIMTLRAKR,28,59,32,39.51,4.17,59.11
PTIMTLRAKRTRRQPLVIII,50,69,20,39.41,4.68,54.3
VIHLVKKLRLLLTRRH,27,42,16,39.4,5.47,47.13
QKKPCKYYMMRLLKLVIHLVKKLRLLLTRRHRIF,12,45,34,39.37,4.15,58.1
KKPCKYYMMRLLKLVIHLVKKLRLLLTRRHRIFIIE,13,48,36,39.35,4.98,51.01
ALRLILKTQKKPCKYYMMRLLKLVIHLVKKLRLLLTRR,4,41,38,39.35,5.31,47.79
RVALRLILKTQKKPCKYYMMRLLKLVIHLVKKLRLL,2,37,36,39.35,5.01,52.27
HLVKKLRLLLTRRHRIFIIERPTI,29,52,24,39.34,4.14,60.0
IHLVKKLRLLLTRRHRIFIIERPT,28,51,24,39.28,4.14,59.92
QKKPCKYYMMRLLKLVIHLV,12,31,20,39.27,4.77,53.47
KLVIHLVKKLRLLLTRRHRIFIIERPTI,25,52,28,39.25,4.3,61.2
HLVKKLRLLLTRRHRIFIIERPTIMT,29,54,26,39.17,4.17,59.91
KKLRLLLTRRHRIFIIERPTIMTL,32,55,24,39.15,4.15,59.79
VALRLILKTQKKPCKYYMMRLLKLVIHLVKKLRL,3,36,34,39.1,4.69,55.93
LKLVIHLVKKLRLLLTRRHRIF,24,45,22,39.03,4.38,61.19
MRVALRLILKTQKKPCKYYMMRLLK,1,25,25,38.98,3.75,63.28
HLVKKLRLLLTRRHRIFIIERPTIMTLRAK,29,58,30,38.97,4.01,60.71
VKKLRLLLTRRHRIFII,31,47,17,38.94,5.16,50.86
KPCKYYMMRLLKLVIHLVKKLRLL,14,37,24,38.88,4.28,61.87
VKKLRLLLTRRHRIFIIERPTI,31,52,22,38.87,4.19,58.4
PCKYYMMRLLKLVIHLVKKLRLLLTRRHRIFIIER,15,49,35,38.8,4.89,52.37
LILKTQKKPCKYYMMRLLKLVIHLVKKLRLLLTRRH,7,42,36,38.67,4.66,52.52
KYYMMRLLKLVIHLVKKLRLLLTRRHRIFIIERPT,17,51,35,38.66,4.81,52.16
KPCKYYMMRLLKLVIHLVKKLRLLLTRRHRIFIIER,14,49,36,38.64,4.89,50.99
VIHLVKKLRLLLTRRHR,27,43,17,38.56,4.68,51.25
VIHLVKKLRLLLTRRHRIFIIERPTIMTLRAKRT,27,60,34,38.51,4.52,54.58
LVKKLRLLLTRRHRIFIIERPTIMTLRAKRT,30,60,31,38.44,3.9,60.91
RLILKTQKKPCKYYMMRLLKLV,6,27,22,38.34,3.91,60.2
PTIMTLRAKRTRRQPLVIIIC,50,70,21,38.31,4.59,55.33
RIFIIERPTIMTLRAKRTRRQPLVII,43,68,26,38.3,4.12,59.59
MRLLKLVIHLVKKLRLLLTRRHRIFIIERPT,21,51,31,38.26,4.38,58.75
TQKKPCKYYMMRLLKLVIHLVKKL,11,34,24,38.26,3.92,60.8
KKPCKYYMMRLLKLVIHL,13,30,18,38.25,4.93,50.42
LKLVIHLVKKLRLLLTRRH,24,42,19,38.25,4.73,55.05
MRLLKLVIHLVKKLRLLLTRRHRIFIIERP,21,50,30,38.24,4.29,60.32
QKKPCKYYMMRLLKLVIHLVKKLRLLLTRRHRI,12,44,33,38.18,3.81,60.63
LKTQKKPCKYYMMRLLKLVIHLVKK,9,33,25,38.15,3.59,64.14
KTQKKPCKYYMMRLLKLVIHLVKKL,10,34,25,38.15,3.59,64.14
ALRLILKTQKKPCKYYMMRLLKLVIHLVKKLRLLLTR,4,40,37,38.1,5.13,49.48
KTQKKPCKYYMMRLLKLVIHLVKKLRLLLTRR,10,41,32,38.09,3.63,62.72
LVIHLVKKLRLLLTRRHRI,26,44,19,38.02,4.7,55.16
VKKLRLLLTRRHRIFIIE,31,48,18,38.0,4.88,50.64
HRIFIIERPTIMTLRAKRTRRQPLVIII,42,69,28,38.0,4.2,58.65
QKKPCKYYMMRLLKLVIHLVKKLRLLLTRRH,12,42,31,37.95,3.63,63.04
RLLKLVIHLVKKLRLLLTRR,22,41,20,37.94,4.5,58.7
PTIMTLRAKRTRRQPLVIIICSY,50,72,23,37.91,4.35,56.71
KKLRLLLTRRHRIFIIERPTIMTLRA,32,57,26,37.89,3.81,62.04
CKYYMMRLLKLVIHLVKKLRLLLTRRHRIFIIERP,16,50,35,37.86,4.83,52.0
KLRLLLTRRHRIFIIERPTIMTLRAK,33,58,26,37.84,3.81,61.97
KLRLLLTRRHRIFIIERPTIMTLR,33,56,24,37.82,4.02,59.68
KPCKYYMMRLLKLVIHLVKKLRLLLTRRHRIFII,14,47,34,37.79,4.56,56.42
QKKPCKYYMMRLLKLVIHLVK,12,32,21,37.76,4.16,57.16
KLVIHLVKKLRLLLTRRHRIFIIERPTIMTLR,25,56,32,37.72,4.43,57.31
PCKYYMMRLLKLVIHLVKKLRLLLTRRHRIFIIERP,15,50,36,37.71,4.99,49.71
RVALRLILKTQKKPCKYYMMRLLK,2,25,24,37.68,3.56,63.7
CKYYMMRLLKLVIHLVKKLRLLLTRRHRIFIIER,16,49,34,37.58,4.64,54.49
TQKKPCKYYMMRLLKLVIHLVKKLRLLLTRRHRIFII,11,47,37,37.51,4.96,49.11
LVKKLRLLLTRRHRIFIIERPT,30,51,22,37.48,4.04,58.42
LRLILKTQKKPCKYYMMRLLKL,5,26,22,37.47,3.82,60.25
ILKTQKKPCKYYMMRLLKLVIHLVKKLRLLLTRRH,8,42,35,37.37,4.2,55.35
IIERPTIMTLRAKRTRRQPLVIII,46,69,24,37.35,4.28,57.22
KLVIHLVKKLRLLLTRR,25,41,17,37.23,5.0,51.15
VALRLILKTQKKPCKYYMMRLLKLVIHLVKKL,3,34,32,37.13,4.34,58.63
VKKLRLLLTRRHRIFIIERPTIMTLRAKR,31,59,29,37.08,3.52,63.9
RLLKLVIHLVKKLRLLLTRRHRIFIIERPTIMTLRAKR,22,59,38,37.08,5.22,46.72
RPTIMTLRAKRTRRQPLVIIICS,49,71,23,37.06,4.0,58.83
LKLVIHLVKKLRLLLTRRHRIFIIERPTIMTLRAKRT,24,60,37,37.0,5.05,48.25
LRLILKTQKKPCKYYMMRLLKLVIHLV,5,31,27,36.9,4.14,61.2
KPCKYYMMRLLKLVIHLVKKLRLLLTRRHRIFIIE,14,48,35,36.89,4.75,52.1
MTLRAKRTRRQPLVIIIC,53,70,18,36.83,4.86,50.0
KLVIHLVKKLRLLLTRRHRIFI,25,46,22,36.75,4.22,61.17
LLLTRRHRIFIIERPTIMTLRAK,36,58,23,36.73,4.24,56.6
CKYYMMRLLKLVIHLVKKLRLLLTRRHRIFI,16,46,31,36.72,4.18,61.08
HLVKKLRLLLTRRHRIFIIER,29,49,21,36.68,3.99,57.61
HRIFIIERPTIMTLRAKRTRRQPLVIIICS,42,71,30,36.57,4.3,56.18
LRLLLTRRHRIFIIERPTIMTLRAKR,34,59,26,36.55,3.69,61.85
LLLTRRHRIFIIERPTIMTLRAKRTRRQPLVIII,36,69,34,36.53,4.56,52.68
KLVIHLVKKLRLLLTRRHRIFIIERPTIMTLRAKRT,25,60,36,36.52,4.62,51.13
IIERPTIMTLRAKRTRRQPLVIIICS,46,71,26,36.52,4.27,56.95
MMRLLKLVIHLVKKLRLLLTRRH,20,42,23,36.5,4.16,61.25
RHRIFIIERPTIMTLRAKRTRRQPLVIIIC,41,70,30,36.44,4.01,58.44
LRLILKTQKKPCKYYMMRLLKLVIHLVKKLRLLL,5,38,34,36.28,4.46,56.14
LKLVIHLVKKLRLLLTRRHRIFIIER,24,49,26,36.24,4.05,62.28
ILKTQKKPCKYYMMRLLKLVIH,8,29,22,36.23,3.95,58.07
RVALRLILKTQKKPCKYYMMRLLKLVIHLV,2,31,30,36.2,4.16,60.22
CKYYMMRLLKLVIHLVKKLRLLLTRRHRIFIIERPT,16,51,36,36.19,4.89,49.39
TQKKPCKYYMMRLLKLVIHLVKKLRLLLTRRHRIFI,11,46,36,36.11,4.43,52.02
LRAKRTRRQPLVIIIC,55,70,16,36.08,5.06,46.69
YYMMRLLKLVIHLVKKLRLLLTRR,18,41,24,36.04,4.08,61.99
IMTLRAKRTRRQPLVIIICSY,52,72,21,36.02,4.45,54.64
LRLLLTRRHRIFIIERPTIMTLRA,34,57,24,36.0,4.25,57.11
CKYYMMRLLKLVIHLVKKLR,16,35,20,35.99,4.47,55.85
TIMTLRAKRTRRQPLVIIICSY,51,72,22,35.94,4.4,54.65
KLRLLLTRRHRIFIIERPTIM,33,53,21,35.91,4.24,55.18
LLKLVIHLVKKLRLLLTRRHRI,23,44,22,35.88,4.15,61.29
KKPCKYYMMRLLKLVI,13,28,16,35.88,5.12,46.07
IHLVKKLRLLLTRRHRIFIIERPTIMTLRAKRT,28,60,33,35.84,3.98,57.02
LVIHLVKKLRLLLTRRHRIFIIERPTIMTLRAKRTR,26,61,36,35.78,4.54,51.06
LVIHLVKKLRLLLTRRHRIFIIERPT,26,51,26,35.69,4.09,59.99
RLLLTRRHRIFIIERPTIMTLRA,35,57,23,35.63,4.11,56.75
TIMTLRAKRTRRQPLVIII,51,69,19,35.63,4.66,51.49
MRLLKLVIHLVKKLRLLLTRRHRIFIIER,21,49,29,35.62,4.04,61.62
QKKPCKYYMMRLLKLVIHLVKK,12,33,22,35.59,3.6,60.48
VALRLILKTQKKPCKYYMMRL,3,23,21,35.53,3.98,56.53
YYMMRLLKLVIHLVKKLRLLLTRRHRIFIIERP,18,50,33,35.52,4.4,55.09
KKLRLLLTRRHRIFIIERPTIMTLR,32,56,25,35.48,3.54,62.28
KTQKKPCKYYMMRLLKLVIHLV,10,31,22,35.46,3.88,57.92
LVKKLRLLLTRRHRI,30,44,15,35.42,4.73,46.6
HLVKKLRLLLTRRHRIF,29,45,17,35.39,4.28,51.33
MMRLLKLVIHLVKKLRLLLTRRHRIF,20,45,26,35.36,3.93,64.09
LILKTQKKPCKYYMMRLLKLVIHLVKKLRLLLTRRHRI,7,44,38,35.34,4.75,47.93
RLLKLVIHLVKKLRLLLTRRHRIFI,22,46,25,35.31,3.91,64.95
RIFIIERPTIMTLRAKRTRRQPLVIIICSY,43,72,30,35.22,4.25,55.94
RVALRLILKTQKKPCKYYMMRLLKLVIHLVKKLRLLLTR,2,40,39,35.17,5.33,44.66
ALRLILKTQKKPCKYYMMRLL,4,24,21,35.15,3.92,56.75
IMTLRAKRTRRQPLVIII,52,69,18,35.14,4.73,50.74
KKLRLLLTRRHRIFIIERPTIMTLRAK,32,58,27,35.11,3.37,63.86
LRLILKTQKKPCKYYMMRLLKLVIHLVKKLRLLLT,5,39,35,35.09,4.54,53.6
VIHLVKKLRLLLTRRHRIFIIERPTIMTLR,27,56,30,35.08,4.14,58.52
KTQKKPCKYYMMRLLKLVIHLVKKLRLLLTRRHRIFII,10,47,38,35.04,4.71,47.94
VALRLILKTQKKPCKYYMMRLLKLVIHLVKKLRLLLTRR,3,41,39,35.03,5.32,44.58
VKKLRLLLTRRHRIFIIER,31,49,19,34.98,4.04,54.4
ILKTQKKPCKYYMMRLLKLVIHLVKKLRLLLTRRHRI,8,44,37,34.96,4.33,51.03
YMMRLLKLVIHLVKKLRLLLTRRHRIFIIERP,19,50,32,34.94,4.23,57.27
KKPCKYYMMRLLKLVIHLVKKLRLLLTRRHRIFIIER,13,49,37,34.89,4.55,49.59
IIERPTIMTLRAKRTRRQPLVIIIC,46,70,25,34.88,4.14,57.23
RPTIMTLRAKRTRRQPLVIII,49,69,21,34.86,3.84,57.4
LLTRRHRIFIIERPTIMTLRAKRTRRQPLVIIIC,37,70,34,34.83,4.36,52.64
MTLRAKRTRRQPLVIIICS,53,71,19,34.81,4.47,51.5
HLVKKLRLLLTRRHRIFIIERPTIMTLRAKR,29,59,31,34.79,3.53,61.07
LKTQKKPCKYYMMRLLKLVIHLVKKLRLLLTRRHRIFII,9,47,39,34.75,5.12,44.81
ILKTQKKPCKYYMMRLLKLVIHLVKKLRLLLTRRHRIFI,8,46,39,34.75,5.12,44.81
LKTQKKPCKYYMMRLLKLVIHL,9,30,22,34.71,3.79,58.08
YYMMRLLKLVIHLVKKLRLLLTRRHRIFIIERPT,18,51,34,34.66,4.48,52.86
VALRLILKTQKKPCKYYMMRLLKLVIHLVK,3,32,30,34.61,4.05,60.12
LRLILKTQKKPCKYYMMRLLKLVIHLVKKLRLLLTRRH,5,42,38,34.61,4.66,47.9
TQKKPCKYYMMRLLKLVIHLV,11,31,21,34.59,4.27,53.71
LLLTRRHRIFIIERPTIMTLRAKRTRRQPLVIIIC,36,70,35,34.53,4.65,50.17
TQKKPCKYYMMRLLKLVIHLVKKLR,11,35,25,34.51,3.33,63.41
YMMRLLKLVIHLVKKLRLLLTRRHRIFIIERPT,19,51,33,34.48,4.31,55.25
LLTRRHRIFIIERPTIMTLRAKRTRRQPLVIII,37,69,33,34.44,4.08,55.0
LVKKLRLLLTRRHRIFIIERPTIMTL,30,55,26,34.42,4.02,59.58
RHRIFIIERPTIMTLRAKRTRRQPLVIII,41,69,29,34.36,3.67,59.89
ILKTQKKPCKYYMMRLLKLVIHLVKKLRLLLTRRHRIF,8,45,38,34.34,4.62,47.93
LKTQKKPCKYYMMRLLKLVIHLVKKLRLLLTRRHRIFI,9,46,38,34.34,4.62,47.93
VIHLVKKLRLLLTRRHRIFIIERPTIMTLRAKRTR,27,61,35,34.28,4.07,53.71
KYYMMRLLKLVIHLVKKLRLLLTR,17,40,24,34.27,3.95,62.03
LKTQKKPCKYYMMRLLKLVIHLVKKLRLLLTRRH,9,42,34,34.22,3.62,58.03
YYMMRLLKLVIHLVKKLRLLLTRRHRIFIIER,18,49,32,34.21,4.18,57.16
LRAKRTRRQPLVIIICS,55,71,17,34.21,4.62,48.58
RLILKTQKKPCKYYMMRLLKLVIHLVKKLRLLLTRRH,6,42,37,34.18,4.23,51.02
FIIERPTIMTLRAKRTRRQPLVIII,45,69,25,34.15,4.08,57.28
MRVALRLILKTQKKPCKYYMMRL,1,23,23,34.14,3.54,60.19
LILKTQKKPCKYYMMRLLKLVIHLVKKLRLLLTRRHR,7,43,37,34.14,4.23,50.98
LILKTQKKPCKYYMMRLLKLVIHLVKKLRLLLTRRHRIF,7,45,39,34.12,5.03,44.8
RVALRLILKTQKKPCKYYMMRLLKLVIHLVKKLRLLLTRR,2,41,40,34.12,5.32,42.63
LVKKLRLLLTRRHRIFIIERPTIMTLRAKRTR,30,61,32,34.1,3.44,60.84
KKLRLLLTRRHRIFIIERPTIM,32,53,22,34.08,3.68,58.58
IFIIERPTIMTLRAKRTRRQPLVII,44,68,25,34.08,4.08,57.18
IIERPTIMTLRAKRTRRQPLVIIICSY,46,72,27,34.01,4.04,56.43
LVIHLVKKLRLLLTRRHRIFIIERP,26,50,25,34.0,3.97,60.14
LILKTQKKPCKYYMMRLLKLVIHLVKKLRLLL,7,38,32,34.0,4.1,58.88
VKKLRLLLTRRHRIFIIERPTIMTLRAKRT,31,60,30,34.0,3.34,62.57
KLVIHLVKKLRLLLTRRHRIFIIERPTIMT,25,54,30,34.0,4.04,58.76
RLLKLVIHLVKKLRLLLTRRHRIFIIERPTI,22,52,31,33.98,4.04,59.37
KLRLLLTRRHRIFIIERPTIMT,33,54,22,33.94,3.95,56.19
LRLLLTRRHRIFIIERPTIMTLRAKRT,34,60,27,33.92,3.48,61.48
KTQKKPCKYYMMRLLKLVIHLVKKLR,10,35,26,33.92,3.03,66.32
LRLLLTRRHRIFIIERPTIMTLRAKRTRRQPLVIII,34,69,36,33.86,4.57,49.34
FIIERPTIMTLRAKRTRRQPLVII,45,68,24,33.85,3.92,57.02
KTQKKPCKYYMMRLLKLVIHLVKKLRLLLTRRHRIFI,10,46,37,33.85,4.19,51.03
KLRLLLTRRHRIFIIERPTIMTLRAKR,33,59,27,33.83,3.26,63.73
IFIIERPTIMTLRAKRTRRQPLVI,44,67,24,33.81,3.92,56.97
KKLRLLLTRRHRIFI,32,46,15,33.8,4.5,46.7
TQKKPCKYYMMRLLKLVIHLVKKLRLLLTRRHRIF,11,45,35,33.75,3.87,54.82
LILKTQKKPCKYYMMRLLKLVIHLVKKLRLLLT,7,39,33,33.61,4.19,56.77
RLLLTRRHRIFIIERPTIMTLRAK,35,58,24,33.6,3.6,59.56
VIHLVKKLRLLLTRRHRIFIIERPTI,27,52,26,33.59,3.95,59.87
RIFIIERPTIMTLRAKRTRRQPLVIIICS,43,71,29,33.58,4.05,57.3
LKTQKKPCKYYMMRLLKLVI,9,28,20,33.54,3.82,55.53
ILKTQKKPCKYYMMRLLKLV,8,27,20,33.54,3.82,55.52
LRLLLTRRHRIFIIERPTI,34,52,19,33.53,4.53,50.3
LLLTRRHRIFIIERPTIMTLRAKR,36,59,24,33.51,3.6,59.44
KLVIHLVKKLRLLLTRRHRIFIIERPTIM,25,53,29,33.48,3.94,60.08
PCKYYMMRLLKLVIHLVKKLRLLLTRRHRIFIIERPT,15,51,37,33.45,4.8,46.98
LLLTRRHRIFIIERPTIMTLRAKRTRRQPLVII,36,68,33,33.42,3.97,54.92
LILKTQKKPCKYYMMRLLKLVIHLVKKLRLLLTRRHRIFI,7,46,40,33.41,5.45,41.68
QKKPCKYYMMRLLKLVIHLVKKLRLLLTRRHR,12,43,32,33.41,3.18,62.86
RPTIMTLRAKRTRRQPLVIIICSY,49,72,24,33.4,3.62,59.13
KPCKYYMMRLLKLVIHLVKKLRLLLTRRHRIFIIERP,14,50,37,33.37,4.59,48.17
KTQKKPCKYYMMRLLKLVIHLVK,10,32,23,33.3,3.36,61.12
IMTLRAKRTRRQPLVII,52,68,17,33.26,4.48,48.72
VALRLILKTQKKPCKYYMMRLLKLVI,3,28,26,33.23,3.89,61.19
IERPTIMTLRAKRTRRQPLVIIIC,47,70,24,33.2,3.85,57.01
YMMRLLKLVIHLVKKLRLLLTRRHRIFIIER,19,49,31,33.09,3.99,59.1
ALRLILKTQKKPCKYYMMRLLK,4,25,22,33.07,3.38,60.21
LKTQKKPCKYYMMRLLKLVIHLVKKLRLLLTRRHRIF,9,45,37,33.06,4.1,51.01
TQKKPCKYYMMRLLKLVIHLVK,11,32,22,33.03,3.71,57.21
KYYMMRLLKLVIHLVKKLRLLLTRRHRIFIIERPTI,17,52,36,33.02,4.62,49.51
KYYMMRLLKLVIHLVKKLRLLLTRRHRIFIIE,17,48,32,33.01,4.09,57.21
LRLLLTRRHRIFIIERPTIMTLRAKRTRRQPLVIIIC,34,70,37,33.0,4.82,46.53
RHRIFIIERPTIMTLRAKRTRRQPLVIIICS,41,71,31,32.97,3.8,56.76
LKTQKKPCKYYMMRLLKLVIHLVKKLRLLLTRRHRI,9,44,36,32.93,3.78,54.04
PCKYYMMRLLKLVIHLVKKLRLLLTR,15,40,26,32.91,3.82,62.43
ILKTQKKPCKYYMMRLLKLVIHLVKKLRLLLTRRHR,8,43,36,32.89,3.78,53.99
VKKLRLLLTRRHRIF,31,45,15,32.78,4.38,46.56
LVKKLRLLLTRRHRIFIIE,30,48,19,32.74,4.4,52.38
TQKKPCKYYMMRLLKLVIHLVKKLRLLLTRRHRI,11,44,34,32.74,3.53,57.49
LKLVIHLVKKLRLLLTRRHRIFIIERPTIMTLRAKRTR,24,61,38,32.69,4.63,46.67
MRLLKLVIHLVKKLRLLLTRRHRIFIIERPTIMTLRAKR,21,59,39,32.68,5.17,43.31
LILKTQKKPCKYYMMRLLKL,7,26,20,32.67,3.72,55.58
ALRLILKTQKKPCKYYMMRLLKLVIHLVKKLRLLLTRRH,4,42,39,32.67,4.82,44.78
RLLLTRRHRIFIIERPTIMTLRAKRTRRQPLVIII,35,69,35,32.67,4.11,52.07
RLLLTRRHRIFIIERPTIMTLR,35,56,22,32.66,3.82,56.16
RIFIIERPTIMTLRAKRTRRQPLVIIIC,43,70,28,32.65,3.93,58.41
TQKKPCKYYMMRLLKLVIHLVKKLRLLLTRRH,11,42,32,32.65,3.35,60.33
RRHRIFIIERPTIMTLRAKRTRRQPLVIIIC,40,70,31,32.65,3.53,59.02
HLVKKLRLLLTRRHRIFIIERP,29,50,22,32.64,3.52,58.69
LTRRHRIFIIERPTIMTLRAKRTRRQPLVIIIC,38,70,33,32.6,3.88,54.96
RLLKLVIHLVKKLRLLLTRRHRIFIIERPTIMTLRAK,22,58,37,32.57,4.71,48.3
RLLKLVIHLVKKLRLLLTRRHRIFIIERPTIMTLRAKRT,22,60,39,32.56,5.03,43.72
LKLVIHLVKKLRLLLTRRHRIFIIERPTIMTLRAK,24,58,35,32.52,4.4,52.14
ILKTQKKPCKYYMMRLLKLVIHLVKKLRLLLTRRHRIFII,8,47,40,32.51,5.37,41.68
LLKLVIHLVKKLRLLLTRRHRIFIIERPTIMTLRAKR,23,59,37,32.5,4.71,48.23
LLKLVIHLVKKLRLLLTRRHRIFIIERPTIMTLRAKRTR,23,61,39,32.49,5.03,43.65
MMRLLKLVIHLVKKLRLLLTRRHRIFIIERP,20,50,31,32.46,3.96,58.71
MMRLLKLVIHLVKKLRLLLTRRHRIFIIERPT,20,51,32,32.45,4.05,56.9
RLLLTRRHRIFIIERPTIMTLRAKRTRRQPLVIIIC,35,70,36,32.42,4.39,49.34
HRIFIIERPTIMTLRAKRTRRQPLVIIICSY,42,72,31,32.37,4.0,54.55
RVALRLILKTQKKPCKYYMMRL,2,23,22,32.29,3.32,60.01
KYYMMRLLKLVIHLVKKLRLLLTRRHRIFII,17,47,31,32.25,3.86,61.18
KLVIHLVKKLRLLLTRRHRIFIIERPTIMTLRAKRTR,25,61,37,32.24,4.2,49.7
KLRLLLTRRHRIFIIERPTI,33,52,20,32.24,3.9,54.09
PCKYYMMRLLKLVIHLVKKLRL,15,36,22,32.12,3.97,58.8
VALRLILKTQKKPCKYYMMRLLKLVIHLVKKLRLLLTRRH,3,42,40,32.07,5.25,41.57
LLLTRRHRIFIIERPTIMTLRAKRTRRQPLVIIICS,36,71,36,32.07,4.62,47.55
KLVIHLVKKLRLLLTRRHRIFIIERPTIMTLRA,25,57,33,32.04,4.13,55.17
MRVALRLILKTQKKPCKYYMMRLLKLVIHLVKKLRLL,1,37,37,32.03,4.64,48.99
QKKPCKYYMMRLLKLVIHLVKKLRLLLTRRHRIFIIE,12,48,37,32.02,4.41,48.15
PCKYYMMRLLKLVIHLVKK,15,33,19,32.01,4.33,52.69
KKLRLLLTRRHRIFIIERPTIMT,32,54,23,31.99,3.43,59.36
LVIHLVKKLRLLLTRRHRIFIIERPTIMTLRAK,26,58,33,31.98,4.13,55.1
KYYMMRLLKLVIHLVKKLRL,17,36,20,31.97,4.15,56.1
TLRAKRTRRQPLVIIIC,54,70,17,31.8,4.43,47.93
YMMRLLKLVIHLVKKLRLLLTRR,19,41,23,31.77,3.82,61.57
ALRLILKTQKKPCKYYMMRLLKLVIHLV,4,31,28,31.75,3.81,60.42
LRLLLTRRHRIFIIERPTIMTLRAKRTRRQPLVII,34,68,35,31.75,4.01,51.97
KTQKKPCKYYMMRLLKLVIHLVKKLRLLLTRRHRIF,10,45,36,31.71,3.64,54.04
IHLVKKLRLLLTRRHRIFIIERPTIMTLRAKRTR,28,61,34,31.67,3.54,56.38
MTLRAKRTRRQPLVIIICSY,53,72,20,31.65,3.99,52.77
TIMTLRAKRTRRQPLVIIICS,51,71,21,31.62,4.14,53.82
HLVKKLRLLLTRRHRIFIIERPTIMTLRAKRT,29,60,32,31.59,3.35,59.2
LVIHLVKKLRLLLTRRHRIFIIERPTIMTLRAKRTRR,26,62,37,31.56,4.12,49.65
LTRRHRIFIIERPTIMTLRAKRTRRQPLVIII,38,69,32,31.52,3.56,57.18
FIIERPTIMTLRAKRTRRQPLVIIICSY,45,72,28,31.51,3.95,55.76
IHLVKKLRLLLTRRH,28,42,15,31.49,4.55,45.03
HRIFIIERPTIMTLRAKRTRRQPLVII,42,68,27,31.48,3.46,59.31
MTLRAKRTRRQPLVIII,53,69,17,31.47,4.32,48.37
RLLLTRRHRIFIIERPTIMTL,35,55,21,31.41,4.14,52.85
LRLLLTRRHRIFIIERPTIMT,34,54,21,31.36,4.14,52.79
VALRLILKTQKKPCKYYMMRLLKLVIHL,3,30,28,31.34,3.79,60.23
LLLTRRHRIFIIERPTIMTLR,36,56,21,31.31,4.14,52.73
IMTLRAKRTRRQPLVIIICS,52,71,20,31.3,4.17,53.54
LRLILKTQKKPCKYYMMRLL,5,24,20,31.28,3.57,55.54
LLLTRRHRIFIIERPTIMTLRAKRT,36,60,25,31.25,3.38,59.67
KLRLLLTRRHRIFIIERPTIMTLRAKRT,33,60,28,31.18,3.07,63.04
LRAKRTRRQPLVIIICSY,55,72,18,31.17,4.08,50.29
KYYMMRLLKLVIHLVKK,17,33,17,31.16,4.58,48.75
IHLVKKLRLLLTRRHRIFIIE,28,48,21,31.15,4.04,55.37
VKKLRLLLTRRHRIFIIERP,31,50,20,31.12,3.51,55.99
LLTRRHRIFIIERPTIMTLRA,37,57,21,31.11,4.05,52.55
KTQKKPCKYYMMRLLKLVIHLVKKLRLLLTRRH,10,42,33,31.06,3.11,60.55
RLILKTQKKPCKYYMMRLLKLVIHLVKKLRLLLTRRHRI,6,44,39,30.94,4.35,45.99
LLTRRHRIFIIERPTIMTLRAKRTRRQPLVIIICS,37,71,35,30.94,4.17,50.14
TQKKPCKYYMMRLLKLVIHLVKK,11,33,23,30.86,3.2,60.32
KKLRLLLTRRHRIFIIERPTIMTLRAKR,32,59,28,30.85,2.86,65.2
KTQKKPCKYYMMRLLKLVIHLVKKLRLLLTRRHRI,10,44,35,30.84,3.3,56.95
IHLVKKLRLLLTRRHRIFIIERPTIMTL,28,55,28,30.7,3.78,58.69
IERPTIMTLRAKRTRRQPLVIIICS,47,71,25,30.65,3.6,57.0
KTQKKPCKYYMMRLLKLVIHLVKK,10,33,24,30.64,2.89,63.9
RIFIIERPTIMTLRAKRTRRQPLVI,43,67,25,30.64,3.32,59.68
LLKLVIHLVKKLRLLLTRRHRIFIIERPT,23,51,29,30.63,3.74,60.15
ALRLILKTQKKPCKYYMMRLLKLVIHLVKKLRLLL,4,38,35,30.6,4.19,53.53
LRLILKTQKKPCKYYMMRLLKLVIHLVKKLRLLLTRRHRI,5,44,40,30.6,4.75,42.75
HLVKKLRLLLTRRHRIFIIERPT,29,51,23,30.6,3.28,59.51
LLKLVIHLVKKLRLLLTRRHRIFIIERPTIMTLRAKRT,23,60,38,30.6,4.77,45.35
KLRLLLTRRHRIFIIERPTIMTLRAKRTRRQPLVIII,33,69,37,30.59,4.23,48.14
RRHRIFIIERPTIMTLRAKRTRRQPLVIII,40,69,30,30.56,3.18,60.79
KPCKYYMMRLLKLVIHLVK,14,32,19,30.49,4.23,52.19
KPCKYYMMRLLKLVIH,14,29,16,30.49,4.77,44.27
VALRLILKTQKKPCKYYMM,3,21,19,30.48,3.9,51.63
LLTRRHRIFIIERPTIMTLRAKRTRRQPLVII,37,68,32,30.4,3.45,57.05
LRAKRTRRQPLVIII,55,69,15,30.39,4.47,44.71
MRLLKLVIHLVKKLRLLLTRR,21,41,21,30.36,3.87,59.23
KKLRLLLTRRHRIFIIERPTI,32,52,21,30.36,3.33,57.7
KKPCKYYMMRLLKLVIHLV,13,31,19,30.3,4.23,51.96
LRLILKTQKKPCKYYMMRLLKLVIHLVKKLRLLLTRRHR,5,43,39,30.24,4.26,45.93
QKKPCKYYMMRLLKLVIHL,12,30,19,30.23,3.83,51.94
YYMMRLLKLVIHLVKKLRLLLTRRHRIFI,18,46,29,30.2,3.65,62.19
RLLKLVIHLVKKLRLLLTRRHRIFIIERPTIMTLR,22,56,35,30.14,4.2,52.26
VIHLVKKLRLLLTRRHRIFIIERPTIMTLRAKRTRR,27,62,36,30.13,3.66,52.5
RVALRLILKTQKKPCKYYMMRLLKLVIHLVKKLRLLL,2,38,37,30.03,4.45,49.38
MMRLLKLVIHLVKKLRLLLTRRHRIFIIER,20,49,30,30.0,3.71,60.27
LRLLLTRRHRIFIIERPTIMTLRAKRTR,34,61,28,29.99,2.96,62.94
TLRAKRTRRQPLVIIICS,54,71,18,29.94,4.05,49.6
KPCKYYMMRLLKLVIHLVKKLRLLLT,14,39,26,29.93,3.63,61.93
RLLLTRRHRIFIIERPTIMTLRAKR,35,59,25,29.91,3.02,62.04
KKPCKYYMMRLLKLVIHLVKKLRLLLTRRHRIFIIERP,13,50,38,29.9,4.26,46.61
KLRLLLTRRHRIFIIE,33,48,16,29.9,4.6,44.89
KPCKYYMMRLLKLVIHLVKKLRLLLTRRHRIFIIERPTI,14,52,39,29.88,4.92,42.34
LKTQKKPCKYYMMRLLKLVIHLVKKLRLLLTRRHR,9,43,35,29.86,3.2,56.89
RLILKTQKKPCKYYMMRLLKLVIHLVKKLRLLLTRRHR,6,43,38,29.82,3.83,49.17
RLILKTQKKPCKYYMMRLLKLVIHLVKKLRLLLTRRHRIF,6,45,40,29.81,4.63,42.78
MRVALRLILKTQKKPCKYYMM,1,21,21,29.8,3.42,56.15
LVKKLRLLLTRRHRIFIIERPTIMTLRAKRTRR,30,62,33,29.79,3.0,60.38
VKKLRLLLTRRHRIFIIERPTIMTLRAKRTR,31,61,31,29.74,2.88,62.82
VIHLVKKLRLLLTRRHRIFIIERPTIMTLRA,27,57,31,29.72,3.83,56.89
KLRLLLTRRHRIFIIERPTIMTLRAKRTRRQPLVIIIC,33,70,38,29.72,4.48,45.18
RLLLTRRHRIFIIERPTIMTLRAKRTRRQPLVII,35,68,34,29.66,3.53,54.57
VIHLVKKLRLLLTRRHRIFIIERPTIMT,27,54,28,29.57,3.7,58.65
LLKLVIHLVKKLRLLLTRRHRIFIIERP,23,50,28,29.56,3.62,61.16
KKPCKYYMMRLLKLVIH,13,29,17,29.56,4.02,48.42
VALRLILKTQKKPCKYYMMRLLKLVIHLVKKLRLL,3,37,35,29.53,4.11,53.35
LVIHLVKKLRLLLTRRHRIF,26,45,20,29.51,3.94,56.53
RLLLTRRHRIFIIERPTIM,35,53,19,29.51,4.03,50.3
LLTRRHRIFIIERPTIMTLRAK,37,58,22,29.5,3.5,55.85
PTIMTLRAKRTRRQPLVII,50,68,19,29.46,3.66,52.66
ALRLILKTQKKPCKYYMMRLLKLVIHLVKKLRLLLT,4,39,36,29.45,4.27,50.84
KLRLLLTRRHRIFII,33,47,15,29.41,4.83,44.72
MRLLKLVIHLVKKLRLLLTRRHRIFIIERPTIMTLRAKRT,21,60,40,29.39,5.12,40.34
KPCKYYMMRLLKLVIHLVKKLRLLLTRRHRIFIIERPT,14,51,38,29.37,4.41,45.29
LLLTRRHRIFIIERPTIMTLRAKRTRRQPLVI,36,67,32,29.33,3.34,57.0
RRHRIFIIERPTIMTLRAKRTRRQPLVIIICS,40,71,32,29.32,3.34,57.03
VKKLRLLLTRRHRIFIIERPT,31,51,21,29.31,3.25,57.36
LVIHLVKKLRLLLTRRHRIFIIER,26,49,24,29.23,3.66,59.9
LRLILKTQKKPCKYYMMRLLK,5,25,21,29.15,3.02,59.22
RLILKTQKKPCKYYMMRLLKL,6,26,21,29.15,3.02,59.2
MRVALRLILKTQKKPCKYYMMRLLKLVIHLV,1,31,31,29.14,3.75,58.06
MRVALRLILKTQKKPC,1,16,16,29.13,4.24,45.97
IERPTIMTLRAKRTRRQPLVIII,47,69,23,29.08,3.42,56.72
IIERPTIMTLRAKRTRRQPLVII,46,68,23,29.04,3.42,56.66
LILKTQKKPCKYYMMRLLKLVIHLV,7,31,25,29.04,3.65,59.41
LTRRHRIFIIERPTIMTLRAKRTRRQPLVIIICS,38,71,34,29.03,3.69,52.59
FIIERPTIMTLRAKRTRRQPLVIIICS,45,71,27,29.0,3.72,56.51
TIMTLRAKRTRRQPLVII,51,68,18,28.96,3.92,49.69
LKLVIHLVKKLRLLLTRRHRIFIIERPTI,24,52,29,28.92,3.62,60.12
RHRIFIIERPTIMTLRAKRTRRQPLVIIICSY,41,72,32,28.91,3.53,54.85
LRLLLTRRHRIFIIERPTIMTLRAKRTRRQPLVIIICS,34,71,38,28.81,4.63,43.66
KKLRLLLTRRHRIFIIE,32,48,17,28.75,3.85,48.96
LRLLLTRRHRIFIIERPTIMTLRAKRTRRQPLVI,34,67,34,28.69,3.43,54.49
KLRLLLTRRHRIFIIERPTIMTLRAKRTRRQPLVII,33,68,36,28.62,3.68,50.97
LKLVIHLVKKLRLLLTRRHRIFIIERPTIMTLRAKRTRR,24,62,39,28.57,4.23,44.84
HLVKKLRLLLTRRHRI,29,44,16,28.52,3.58,49.22
IHLVKKLRLLLTRRHR,28,43,16,28.48,3.58,49.17
PCKYYMMRLLKLVIHLVKKLRLLLTRRHRIFIIE,15,48,34,28.46,3.98,53.14
LRLLLTRRHRIFIIER,34,49,16,28.46,4.41,44.78
RLLLTRRHRIFIIERPTIMTLRAKRTRRQPLVIIICS,35,71,37,28.46,4.2,46.52
ALRLILKTQKKPCKYYMMRLLKLVIHLVKKLRLLLTRRHR,4,43,40,28.45,4.43,42.74
TQKKPCKYYMMRLLKLVIHLVKKLRLLLTRRHR,11,43,33,28.45,2.91,59.91
TIMTLRAKRTRRQPLVIIIC,51,70,20,28.42,3.97,52.75
RLLKLVIHLVKKLRLLLTRRHRIFIIERPTIMTLRAKRTR,22,61,40,28.42,4.63,41.78
LRLLLTRRHRIFIIERPTIM,34,53,20,28.41,4.0,51.57
LLKLVIHLVKKLRLLLTRRHRIFIIERPTIMTLRAKRTRR,23,62,40,28.36,4.63,41.72
RLLKLVIHLVKKLRLLLTRRHRIFIIERPTIM,22,53,32,28.34,3.73,57.44
RVALRLILKTQKKPCKYYMMRLLKLVIHLVKKLRLLLT,2,39,38,28.33,4.52,46.44
MRVALRLILKTQKKPCKYYMMRLLKLVIHLVKKLRLLLTR,1,40,40,28.25,4.98,41.24
VIHLVKKLRLLLTRRHRIFIIERPTIM,27,53,27,28.23,3.58,59.34
KKLRLLLTRRHRIFIIERPTIMTLRAKRT,32,60,29,28.23,2.69,64.16
RLLKLVIHLVKKLRLLLTRRHRIFIIERPTIMT,22,54,33,28.22,3.83,55.34
VALRLILKTQKKPCKYYMMRLLKLVIHLVKKLRLLLTR,3,40,38,28.2,4.51,46.37
PCKYYMMRLLKLVIHLVKKLRLLLTRRHRIFII,15,47,33,28.18,3.76,57.37
KLVIHLVKKLRLLLTRRHRIFIIERPTIMTLRAKRTRR,25,62,38,28.14,3.8,47.99
QKKPCKYYMMRLLKLVI,12,28,17,28.12,3.88,48.08
LKLVIHLVKKLRLLLTRRHRIFIIERPTIMTLR,24,56,33,28.09,3.83,55.17
QKKPCKYYMMRLLKLVIHLVKKLRLLLTRRHRIFIIER,12,49,38,28.04,4.01,46.57
AKRTRRQPLVIIICS,57,71,15,27.99,4.62,42.38
MRLLKLVIHLVKKLRLLLTRRHRIFI,21,46,26,27.95,3.43,64.1
RLLLTRRHRIFIIERPTIMT,35,54,20,27.94,3.73,51.72
VKKLRLLLTRRHRIFIIERPTIMTLRAKRTRRQPLVIII,31,69,39,27.88,4.38,43.5
RHRIFIIERPTIMTLRAKRTRRQPLVII,41,68,28,27.86,2.95,60.86
KPCKYYMMRLLKLVIHLVKKLRLLL,14,38,25,27.86,3.49,62.06
LLTRRHRIFIIERPTIMTLR,37,56,20,27.82,3.73,51.57
IMTLRAKRTRRQPLVIIIC,52,70,19,27.78,4.0,52.23
TRRHRIFIIERPTIMTLRAKRTRRQPLVIIIC,39,70,32,27.72,3.24,56.33
MRVALRLILKTQKKPCK,1,17,17,27.68,3.52,50.08
VALRLILKTQKKPCK,3,17,15,27.67,4.15,44.21
RLLLTRRHRIFIIERPTIMTLRAKRT,35,60,26,27.67,2.83,62.01
LVIHLVKKLRLLLTRRH,26,42,17,27.65,4.25,49.29
LLLTRRHRIFIIERPTIMTLRAKRTRRQPLVIIICSY,36,72,37,27.63,4.36,44.85
LVKKLRLLLTRRHRIFIIERPTIMTLRAKRTRRQPLVIII,30,69,40,27.62,4.79,40.5
RVALRLILKTQKKPCKYYMM,2,21,20,27.61,3.17,55.5
IHLVKKLRLLLTRRHRIFIIERPTIMTLRAKRTRR,28,62,35,27.6,3.12,55.37
LLKLVIHLVKKLRLLLTRRHRIF,23,45,23,27.58,3.51,62.01
LLLTRRHRIFIIERPTIMTLRAKRTR,36,61,26,27.58,2.83,61.85
KLVIHLVKKLRLLLTRRHRIFIIE,25,48,24,27.58,3.54,60.01
YMMRLLKLVIHLVKKLRLLLTRRHRIFI,19,46,28,27.53,3.42,63.35
HLVKKLRLLLTRRHRIFIIERPTIMTLRAKRTR,29,61,33,27.53,2.92,58.83
KKLRLLLTRRHRIFIIERPTIMTLRAKRTRRQPLVIII,32,69,38,27.36,3.91,46.67
LVKKLRLLLTRRHRIFIIERPTIMTLRAKRTRRQPLVII,30,68,39,27.34,4.29,43.51
FIIERPTIMTLRAKRTRRQPLVIIIC,45,70,26,27.31,3.58,57.04
KYYMMRLLKLVIHLVKKLRLLLTRRHRIFIIERPTIM,17,53,37,27.3,4.33,46.7
VALRLILKTQKKPCKYYMMR,3,22,20,27.28,3.16,55.21
KLRLLLTRRHRIFIIER,33,49,17,27.24,3.68,48.82
IERPTIMTLRAKRTRRQPLVIIICSY,47,72,26,27.22,3.27,56.75
RAKRTRRQPLVIIIC,56,70,15,27.16,4.03,44.51
LVKKLRLLLTRRHRIFII,30,47,18,27.13,4.03,52.88
KLRLLLTRRHRIFIIERPTIMTLRAKRTR,33,61,29,27.05,2.59,64.05
MRLLKLVIHLVKKLRLLLTRRHRIFIIERPTI,21,52,32,27.01,3.65,56.89
CKYYMMRLLKLVIHLVKKLRLLLTR,16,40,25,26.99,3.43,62.03
TLRAKRTRRQPLVIIICSY,54,72,19,26.95,3.57,51.06
VIHLVKKLRLLLTRRHRIFI,27,46,20,26.9,3.75,56.36
MMRLLKLVIHLVKKLRLLLTRRHRIFIIERPTIMTLRAKR,20,59,40,26.89,4.89,40.3
VKKLRLLLTRRHRIFIIERPTIMTLRAKRTRRQPLVII,31,68,38,26.89,3.86,46.51
ALRLILKTQKKPCKYYMMRL,4,23,20,26.86,3.09,55.44
PCKYYMMRLLKLVIHLVKKLRLLLTRRHRIFIIERPTI,15,52,38,26.85,4.49,44.15
TQKKPCKYYMMRLLKLVIHLVKKLRLLLTRRHRIFIIE,11,48,38,26.85,4.15,44.73
KTQKKPCKYYMMRLLKLVIHLVKKLRLLLTRRHR,10,43,34,26.78,2.7,59.66
KTQKKPCKYYMMRLLKLVIHL,10,30,21,26.72,2.99,57.09
LLTRRHRIFIIERPTIMTLRAKRTRRQPLVIIICSY,37,72,36,26.71,3.91,47.51
LKTQKKPCKYYMMRLLKLVIH,9,29,21,26.7,2.99,57.05
LLKLVIHLVKKLRLLLTRRH,23,42,20,26.6,3.72,56.64
RVALRLILKTQKKPC,2,16,15,26.56,3.96,44.34
LLLTRRHRIFIIERPTIMTLRA,36,57,22,26.55,3.7,53.51
KKPCKYYMMRLLKLVIHLVKKLRLLLTRRHRIFIIERPTI,13,52,40,26.54,4.59,40.57
LTRRHRIFIIERPTIMTLRAKRTRRQPLVII,38,68,31,26.51,2.9,59.0
KKLRLLLTRRHRIFIIERPTIMTLRAKRTRRQPLVIIIC,32,70,39,26.51,4.16,43.57
VKKLRLLLTRRHRIFIIERPTIMTLRAKRTRRQPLVIIIC,31,70,40,26.49,4.62,40.42
KPCKYYMMRLLKLVIHLVKKLRLLLTRRHRIFIIERPTIM,14,53,40,26.34,4.89,39.37
CKYYMMRLLKLVIHLVKKLRLLLTRRHRIFIIERPTI,16,52,37,26.32,4.25,46.65
VALRLILKTQKKPCKYYM,3,20,18,26.32,3.51,50.0
LVKKLRLLLTRRHRIFIIERPTIMTLRAKRTRRQPLVI,30,67,38,26.29,3.78,46.53
TLRAKRTRRQPLVIII,54,69,16,26.29,3.84,46.17
MRVALRLILKTQKKPCKYYMMR,1,22,22,26.22,2.77,59.41
LLTRRHRIFIIERPTIMTLRAKR,37,59,23,26.19,2.87,58.98
CKYYMMRLLKLVIHLVKKLRLLLTRRHRIFIIE,16,48,33,26.15,3.69,54.99
TQKKPCKYYMMRLLKLVIHL,11,30,20,26.14,3.36,52.67
KKPCKYYMMRLLKLVIHLVKKLRLLLTRRHRIFIIERPT,13,51,39,26.12,4.09,43.6
IHLVKKLRLLLTRRHRIFII,28,47,20,26.08,3.69,56.4
LRLLLTRRHRIFIIERPTIMTLRAKRTRR,34,62,29,25.91,2.48,63.99
LILKTQKKPCKYYMMRLL,7,24,18,25.87,3.44,50.11
MRLLKLVIHLVKKLRLLLTRRHRIFIIERPTIMTLRAK,21,58,38,25.87,4.36,44.98
TRRHRIFIIERPTIMTLRAKRTRRQPLVIII,39,69,31,25.85,2.9,58.33
MRVALRLILKTQKKPCKYYM,1,20,20,25.81,3.04,54.91
RLLKLVIHLVKKLRLLLTRRHRIFIIE,22,48,27,25.77,3.33,61.95
KYYMMRLLKLVIHLVKKLRLLLTRRHRIFIIERPTIMT,17,54,38,25.77,4.4,43.9
KLRLLLTRRHRIFIIERPTIMTLRAKRTRRQPLVIIICS,33,71,39,25.75,4.3,42.18
KLRLLLTRRHRIFIIERPTIMTLRAKRTRRQPLVI,33,67,35,25.72,3.1,53.7
LLKLVIHLVKKLRLLLTRRHRIFIIER,23,49,27,25.7,3.33,61.88
RLLLTRRHRIFIIERPTIMTLRAKRTRRQPLVI,35,67,33,25.66,2.91,56.91
VIHLVKKLRLLLTRR,27,41,15,25.65,4.48,44.78
LVIHLVKKLRLLLTRRHRIFIIERPTIMTLR,26,56,31,25.62,3.51,57.07
RLLLTRRHRIFIIERPTI,35,52,18,25.55,3.64,48.85
KKLRLLLTRRHRIFIIERPTIMTLRAKRTRRQPLVII,32,68,37,25.53,3.36,49.64
FIIERPTIMTLRAKRTRRQPLVI,45,67,23,25.53,3.05,56.55
KKPCKYYMMRLLKLV,13,27,15,25.51,3.86,43.9
IFIIERPTIMTLRAKRTRRQPLV,44,66,23,25.51,3.05,56.52
VKKLRLLLTRRHRIFIIERPTIMTLRAKRTRR,31,62,32,25.5,2.44,62.65
RRHRIFIIERPTIMTLRAKRTRRQPLVIIICSY,40,72,33,25.44,3.09,54.84
KKLRLLLTRRHRIFIIER,32,49,18,25.43,3.03,52.85
RAKRTRRQPLVIIICS,56,71,16,25.41,3.62,46.52
LLTRRHRIFIIERPTIMTLRAKRTRRQPLVI,37,67,31,25.34,2.79,58.89
LKLVIHLVKKLRLLLTRRHRIFI,24,46,23,25.33,3.36,61.94
AKRTRRQPLVIIICSY,57,72,16,25.33,4.02,44.32
ERPTIMTLRAKRTRRQPLVIIIC,48,70,23,25.27,3.01,56.62
CKYYMMRLLKLVIHLVKKLRLLLTRRHRIFII,16,47,32,25.23,3.46,59.1
LKLVIHLVKKLRLLLTRR,24,41,18,25.23,3.86,53.15
LRLLLTRRHRIFIIERP,34,50,17,25.22,3.76,46.77
MMRLLKLVIHLVKKLRLLLTRR,20,41,22,25.15,3.42,60.27
LVIHLVKKLRLLLTRRHRIFIIERPTIMTLRAKRTRRQ,26,63,38,25.07,3.59,46.67
VKKLRLLLTRRHRIFIIERPTIMTLRAKRTRRQPLVI,31,67,37,25.05,3.32,49.5
LTRRHRIFIIERPTIMTLRAKRTRRQPLVIIICSY,38,72,35,25.05,3.44,50.08
LKTQKKPCKYYMMRLLKLVIHLVKKLRLLLTRRHRIFIIE,9,48,40,24.98,4.34,40.52
KTQKKPCKYYMMRLLKLVIHLVKKLRLLLTRRHRIFIIE,10,48,39,24.98,3.93,43.56
RVALRLILKTQKKPCK,2,17,16,24.96,3.22,48.52
KTQKKPCKYYMMRLLKLVI,10,28,19,24.94,2.94,53.98
VALRLILKTQKKPCKY,3,18,16,24.83,3.57,46.27
RLLKLVIHLVKKLRLLLTRRHRIFIIERPTIMTLRA,22,57,36,24.81,3.93,49.57
RPTIMTLRAKRTRRQPLVII,49,68,20,24.77,2.83,55.97
CKYYMMRLLKLVIHLVKKLRL,16,36,21,24.64,3.51,57.13
MRVALRLILKTQKKPCKY,1,18,18,24.63,3.05,51.89
TRRHRIFIIERPTIMTLRAKRTRRQPLVIIICS,39,71,33,24.63,3.07,54.15
LRLLLTRRHRIFIIERPTIMTLRAKRTRRQPLV,34,66,33,24.6,2.8,56.81
YYMMRLLKLVIHLVKKLRLLLTRRHRIFIIERPTI,18,52,35,24.5,3.81,50.42
LRLLLTRRHRIFIIERPTIMTLRAKRTRRQPLVIIICSY,34,72,39,24.49,4.38,40.76
KYYMMRLLKLVIHLVKKLRLLLTRRHRIFIIERPTIMTLR,17,56,40,24.4,4.7,39.37
LKLVIHLVKKLRLLLTRRHRIFIIERPTIMT,24,54,31,24.38,3.41,57.15
KLVIHLVKKLRLLLTRRHRIFIIERPTIMTL,25,55,31,24.37,3.41,57.13
LVKKLRLLLTRRHRIFIIERPTIMTLRAKRTRRQPLV,30,66,37,24.37,3.23,49.5
RIFIIERPTIMTLRAKR,43,59,17,24.35,3.68,46.55
RLLLTRRHRIFIIERPTIMTLRAKRTRRQPLVIIICSY,35,72,38,24.29,3.96,43.66
LLTRRHRIFIIERPTIMTLRAKRT,37,60,24,24.27,2.67,59.51
TQKKPCKYYMMRLLKLVI,11,28,18,24.21,3.35,49.29
LLLTRRHRIFIIERPTIMTLRAKRTRRQPLV,36,66,31,24.21,2.68,58.84
RRHRIFIIERPTIMTLRAKRTRRQPLVII,40,68,29,24.09,2.47,62.08
HRIFIIERPTIMTLRAKRTRRQPLVI,42,67,26,24.07,2.67,59.7
LILKTQKKPCKYYMMRLLK,7,25,19,24.06,2.84,54.07
ILKTQKKPCKYYMMRLLKL,8,26,19,24.03,2.84,54.01
YMMRLLKLVIHLVKKLRLLLTRRHRIFIIERPTI,19,52,34,24.01,3.63,52.96
KKLRLLLTRRHRIFIIERPTIMTLRAKRTR,32,61,30,24.0,2.23,64.72
LRLLLTRRHRIFIIERPT,34,51,18,23.89,3.44,48.64
CKYYMMRLLKLVIHLVKK,16,33,18,23.89,3.82,50.5
RVALRLILKTQKKPCKYYMMR,2,22,21,23.87,2.5,58.94
LLKLVIHLVKKLRLLLTRRHRIFIIERPTIMTLRAK,23,58,36,23.77,3.84,49.51
KLRLLLTRRHRIFIIERP,33,50,18,23.75,3.11,50.76
IFIIERPTIMTLRAKRT,44,60,17,23.72,4.04,44.47
RLLLTRRHRIFIIERPTIMTLRAKRTR,35,61,27,23.71,2.31,63.78
LLTRRHRIFIIERPTIM,37,53,17,23.71,3.94,44.71
QKKPCKYYMMRLLKLVIHLVKKLRLLLTRRHRIFIIERP,12,50,39,23.68,3.74,43.57
LLLTRRHRIFIIERPTIMTLRAKRTRR,36,62,27,23.66,2.31,63.68
LKLVIHLVKKLRLLLTRRHRIFIIERPTIM,24,53,30,23.66,3.29,58.72
VIHLVKKLRLLLTRRHRIFIIERPTIMTLRAKRTRRQ,27,63,37,23.64,3.12,49.6
LVIHLVKKLRLLLTRRHRIFIIERPTI,26,52,27,23.62,3.24,59.57
MRLLKLVIHLVKKLRLLLTRRHRIFIIERPTIMTLR,21,56,36,23.6,3.84,49.13
LTRRHRIFIIERPTIMTLRA,38,57,20,23.6,3.23,51.47
HLVKKLRLLLTRRHRIFIIERPTIMTLRAKRTRR,29,62,34,23.56,2.51,58.07
MRVALRLILKTQKKPCKYYMMRLLKLVIHLVKKLRLLL,1,38,38,23.5,4.11,46.04
MRVALRLILKTQKKP,1,15,15,23.43,3.6,43.95
RVALRLILKTQKKPCKYYM,2,20,19,23.35,2.76,54.02
LKTQKKPCKYYMMRLLKLV,9,27,19,23.32,2.76,53.98
TQKKPCKYYMMRLLKLVIHLVKKLRLLLTRRHRIFIIER,11,49,39,23.29,3.76,43.09
ERPTIMTLRAKRTRRQPLVIIICS,48,71,24,23.12,2.78,56.91
KLVIHLVKKLRLLLTRRHRIFII,25,47,23,23.11,3.21,61.88
RIFIIERPTIMTLRAKRT,43,60,18,23.05,3.37,48.42
LKLVIHLVKKLRLLLTRRHRIFIIERPTIMTLRA,24,57,34,23.0,3.55,52.84
IFIIERPTIMTLRAKRTR,44,61,18,22.99,3.37,48.32
KLRLLLTRRHRIFIIERPTIMTLRAKRTRR,33,62,30,22.87,2.13,64.65
IMTLRAKRTRRQPLVI,52,67,16,22.8,3.26,46.62
KKLRLLLTRRHRIFIIERPTIMTLRAKRTRRQPLVI,32,67,36,22.78,2.79,52.56
KKLRLLLTRRHRIFIIERPTIMTLRAKRTRRQPLVIIICS,32,71,40,22.78,4.0,40.48
LVKKLRLLLTRRHRIFIIERPTIMTLRAKRTRRQ,30,63,34,22.76,2.44,57.9
MMRLLKLVIHLVKKLRLLLTRRHRIFI,20,46,27,22.7,3.08,63.62
RLILKTQKKPCKYYMMRLL,6,24,19,22.65,2.68,54.03
LRLILKTQKKPCKYYMMRL,5,23,19,22.6,2.68,53.93
LKLVIHLVKKLRLLLTRRHRIFIIERPTIMTLRAKRTRRQ,24,63,40,22.58,3.72,41.73
LTRRHRIFIIERPTIMTL,38,55,18,22.54,3.61,46.51
RAKRTRRQPLVIIICSY,56,72,17,22.51,3.12,48.38
LLTRRHRIFIIERPTIMT,37,54,18,22.47,3.61,46.42
IFIIERPTIMTLRAKRTRRQPLVIII,44,69,26,22.28,3.2,57.16
KLRLLLTRRHRIFIIERPT,33,51,19,22.28,2.84,52.55
VKKLRLLLTRRHRIFIIERPTIMTLRAKRTRRQPLV,31,66,36,22.26,2.74,52.39
RLLKLVIHLVKKLRLLLTRRHRIFII,22,47,26,22.2,3.03,64.72
RIFIIERPTIMTLRAKRTRRQPLV,43,66,24,22.16,2.46,59.45
KLVIHLVKKLRLLLTRRHRIFIIERPTIMTLRAKRTRRQ,25,63,39,22.08,3.29,44.88
MRVALRLILKTQKKPCKYYMMRLLKLVIHLVKKLRLLLT,1,39,39,22.01,4.18,43.09
HLVKKLRLLLTRRHRIFIIERPTIMTLRAKRTRRQPLVII,29,68,40,22.0,3.85,40.59
IHLVKKLRLLLTRRHRIFIIERPTIMTLRAKRTRRQPLVI,28,67,40,22.0,3.85,40.59
VALRLILKTQKKPCKYY,3,19,17,21.98,3.07,48.16
RVALRLILKTQKKPCKY,2,18,17,21.91,2.73,50.53
LLLTRRHRIFIIERPTI,36,52,17,21.91,3.85,44.84
LVKKLRLLLTRRHRIFIIERPTIMTLRAKRTRRQPL,30,65,36,21.88,2.69,52.41
MMRLLKLVIHLVKKLRLLLTRRHRIFIIERPTI,20,52,33,21.85,3.36,54.82
MRLLKLVIHLVKKLRLLLTRRHRIFIIERPTIM,21,53,33,21.81,3.36,54.75
LTRRHRIFIIERPTIMTLRAK,38,58,21,21.79,2.69,54.93
MRLLKLVIHLVKKLRLLLTRRHRIFIIERPTIMT,21,54,34,21.79,3.46,52.53
KLRLLLTRRHRIFIIERPTIMTLRAKRTRRQPLV,33,66,34,21.78,2.48,56.26
KKLRLLLTRRHRIFIIERP,32,50,19,21.74,2.53,54.71
QKKPCKYYMMRLLKLVIH,12,29,18,21.72,2.91,50.17
YYMMRLLKLVIHLVKKLR,18,35,18,21.7,3.63,50.64
KLRLLLTRRHRIFIIERPTIMTLRAKRTRRQPLVIIICSY,33,72,40,21.69,4.07,39.19
VIHLVKKLRLLLTRRHRIFIIERPTIMTLRAKRTRRQPLV,27,66,40,21.67,3.8,40.53
ALRLILKTQKKPCKYYMM,4,21,18,21.64,2.91,50.15
PCKYYMMRLLKLVIHLVKKLRLLLTRRHRIFIIERPTIM,15,53,39,21.61,4.22,41.25
MRVALRLILKTQKKPCKYY,1,19,19,21.6,2.62,53.5
KPCKYYMMRLLKLVIHL,14,30,17,21.52,3.81,46.42
LVIHLVKKLRLLLTRRHRIFIIERPTIMTLRAKRTRRQPL,26,65,40,21.46,3.76,40.59
KTQKKPCKYYMMRLLKLVIHLVKKLRLLLTRRHRIFIIER,10,49,40,21.45,3.55,41.64
IHLVKKLRLLLTRRHRIFIIERPTIMTLRAKRTRRQ,28,63,36,21.15,2.59,52.58
PCKYYMMRLLKLVIHLVKKLRLL,15,37,23,21.14,3.12,59.49
CKYYMMRLLKLVIHLVKKLRLLLTRRHRIFIIERPTIM,16,53,38,21.11,3.98,43.79
TRRHRIFIIERPTIMTLRAKRTRRQPLVIIICSY,39,72,34,21.07,2.83,51.8
MTLRAKRTRRQPLVII,53,68,16,21.03,3.09,46.21
LVIHLVKKLRLLLTRRHRIFIIERPTIMTLRAKRTRRQP,26,64,39,21.0,3.33,43.63
HLVKKLRLLLTRRHRIFIIERPTIMTLRAKRTRRQPLVI,29,67,39,21.0,3.33,43.63
IHLVKKLRLLLTRRHRIFIIERPTIMTLRAKRTRRQPLV,28,66,39,20.99,3.33,43.61
KRTRRQPLVIIICSY,58,72,15,20.93,3.57,42.15
VIHLVKKLRLLLTRRHRIFIIERPTIMTLRAKRTRRQPL,27,65,39,20.9,3.32,43.56
LRLLLTRRHRIFIIERPTIMTL,34,55,22,20.89,3.25,53.68
VALRLILKTQKKPCKYYMMRLLKLVIHLVKKLRLLL,3,38,36,20.86,3.57,50.65
YYMMRLLKLVIHLVKKLRLLLTRRHRIFIIE,18,48,31,20.82,3.16,56.99
PCKYYMMRLLKLVIHLVKKL,15,34,20,20.8,3.34,54.12
LVIHLVKKLRLLLTRRHRIFIIERPTIMTLRA,26,57,32,20.77,3.23,55.18
HRIFIIERPTIMTLRAK,42,58,17,20.71,3.53,44.52
MMRLLKLVIHLVKKLRLLLTRRHRIFIIERPTIMTLRAK,20,58,39,20.69,4.1,42.07
KYYMMRLLKLVIHLVKKLRLL,17,37,21,20.66,3.21,57.32
IFIIERPTIMTLRAKRTRRQPLVIIICSY,44,72,29,20.61,3.16,54.79
RLLLTRRHRIFIIERPTIMTLRAKRTRRQPLV,35,66,32,20.6,2.25,59.04
YMMRLLKLVIHLVKKLRLLLTRRHRIFIIERPTIMTLRAK,19,58,40,20.59,4.31,39.4
ERPTIMTLRAKRTRRQPLVIII,48,69,22,20.58,2.52,56.08
VALRLILKTQKKPCKYYMMRLLKLVIHLV,3,31,29,20.56,3.05,59.2
LLLTRRHRIFIIERPTIMT,36,54,19,20.55,3.5,47.92
LLTRRHRIFIIERPTIMTL,37,55,19,20.52,3.5,47.88
LLTRRHRIFIIERPTIMTLRAKRTR,37,61,25,20.52,2.12,62.0
LTRRHRIFIIERPTIMTLRAKRTRRQPLVI,38,67,30,20.47,2.2,60.55
RHRIFIIERPTIMTLRAKRTRRQPLVI,41,67,27,20.42,2.17,61.59
QKKPCKYYMMRLLKLVIHLVKKLRLLLTRRHRIFIIERPT,12,51,40,20.41,3.59,40.55
RLILKTQKKPCKYYMMRLLK,6,25,20,20.31,2.15,57.89
LVIHLVKKLRLLLTRRHRIFIIERPTIMT,26,54,29,20.2,3.05,57.76
KKLRLLLTRRHRIFIIERPT,32,51,20,20.14,2.3,56.31
IIERPTIMTLRAKRTRRQPLVI,46,67,22,20.12,2.48,55.89
IERPTIMTLRAKRTRRQPLVII,47,68,22,20.11,2.48,55.89
VALRLILKTQKKPCKYYMMRLLKLVIHLVKKLRLLLT,3,39,37,20.1,3.66,47.87
RIFIIERPTIMTLRAKRTR,43,61,19,20.07,2.61,52.23
RIFIIERPTIMTLRAK,43,58,16,20.05,3.85,42.59
IFIIERPTIMTLRAKRTRR,44,62,19,20.04,2.61,52.17
ERPTIMTLRAKRTRRQPLVIIICSY,48,72,25,20.04,2.47,56.92
IFIIERPTIMTLRAKR,44,59,16,20.02,3.85,42.55
VIHLVKKLRLLLTRRHRIFIIERPTIMTL,27,55,29,19.98,3.04,57.58
PCKYYMMRLLKLVIHLVKKLRLLLTRRHRIFIIERPTIMT,15,54,40,19.98,4.29,38.39
LTRRHRIFIIERPTIMTLR,38,56,19,19.97,2.84,50.32
LRLLLTRRHRIFIIERPTIMTLRAKRTRRQPL,34,65,32,19.96,2.19,58.99
RLLLTRRHRIFIIER,35,49,15,19.94,3.33,42.7
TRRHRIFIIERPTIMTLRAKRTRRQPLVII,39,68,30,19.88,2.2,59.85
KKLRLLLTRRHRIFIIERPTIMTLRAKRTRR,32,62,31,19.81,1.81,64.87
CKYYMMRLLKLVIHLVKKLRLLLTRRHRIFIIERPTIMT,16,54,39,19.78,4.06,40.97
VIHLVKKLRLLLTRRHRIFIIERPTIMTLRAKRTRRQP,27,64,38,19.75,2.87,46.6
KYYMMRLLKLVIHLVKKL,17,34,18,19.62,3.47,50.56
LLTRRHRIFIIERPTI,37,52,16,19.62,3.5,42.94
RLLLTRRHRIFIIERPTIMTLRAKRTRR,35,62,28,19.61,1.84,65.17
KPCKYYMMRLLKLVI,14,28,15,19.48,4.0,41.89
RHRIFIIERPTIMTLRA,41,57,17,19.48,3.35,44.48
YYMMRLLKLVIHLVKKLRLLLTRRHRIFIIERPTIM,18,53,36,19.48,3.54,47.8
IHLVKKLRLLLTRRHRIFIIERPTIMTLRAKRTRRQPL,28,65,38,19.46,2.82,46.64
RLLKLVIHLVKKLRLLLTRRHRIFIIERPTIMTL,22,55,34,19.41,3.26,53.0
YMMRLLKLVIHLVKKLRLLLTRRHRIFIIERPTIMTLR,19,56,38,19.41,3.81,43.93
LLKLVIHLVKKLRLLLTRRHRIFIIERPTI,23,52,30,19.38,2.98,58.83
TQKKPCKYYMMRLLKLVIHLVKKLRLLLTRRHRIFIIERP,11,50,40,19.36,3.5,40.1
LLKLVIHLVKKLRLLLTRRHRIFIIERPTIMTLR,23,56,34,19.36,3.26,52.92
LLLTRRHRIFIIERP,36,50,15,19.27,3.63,40.93
LLTRRHRIFIIERPTIMTLRAKRTRRQPLV,37,66,30,19.26,2.08,60.47
PTIMTLRAKRTRRQPLVI,50,67,18,19.24,2.53,50.93
MRLLKLVIHLVKKLRLLLTRRHRIFIIE,21,48,28,19.18,2.9,60.51
HLVKKLRLLLTRRHRIFIIERPTIMTLRAKRTRRQPLV,29,66,38,19.17,2.79,46.65
KKLRLLLTRRHRIFIIERPTIMTLRAKRTRRQPLV,32,66,35,19.01,2.18,55.34
YMMRLLKLVIHLVKKLRLLLTRRHRIFIIERPTIM,19,53,35,19.0,3.35,50.46
VIHLVKKLRLLLTRRHRIFIIE,27,48,22,18.98,3.05,56.27
LVKKLRLLLTRRHRIFIIERPTIMTLRAKRTRRQP,30,64,35,18.96,2.18,55.22
YYMMRLLKLVIHLVKKLRLLLTRRHRIFIIERPTIMTLR,18,56,39,18.92,3.97,41.01
RVALRLILKTQKKPCKYY,2,19,18,18.88,2.3,52.35
VKKLRLLLTRRHRIFIIERPTIMTLRAKRTRRQPL,31,65,35,18.87,2.18,55.2
TIMTLRAKRTRRQPLVI,51,67,17,18.85,2.73,47.82
YYMMRLLKLVIHLVKKLRLLLTRRHRIFIIERPTIMT,18,54,37,18.77,3.63,45.17
MRLLKLVIHLVKKLRLLLTRRHRIFIIERPTIMTLRA,21,57,37,18.75,3.59,46.36
LVIHLVKKLRLLLTRRHRIFIIERPTIM,26,53,28,18.72,2.91,58.76
YYMMRLLKLVIHLVKKLRLLLTRRHRIFII,18,47,30,18.66,2.89,60.77
MMRLLKLVIHLVKKLRLLLTRRHRIFIIERPTIMTLR,20,56,37,18.64,3.57,46.42
YMMRLLKLVIHLVKKLRLLLTRRHRIFIIERPTIMT,19,54,36,18.6,3.45,47.92
YMMRLLKLVIHLVKKLRLLLTRRHRIFIIE,19,48,30,18.59,2.93,58.65
LLLTRRHRIFIIERPTIMTLRAKRTRRQPL,36,65,30,18.58,2.02,60.47
VKKLRLLLTRRHRIFIIERPTIMTLRAKRTRRQ,31,63,33,18.55,1.89,60.38
LRLLLTRRHRIFIIERPTIMTLRAKRTRRQ,34,63,30,18.54,1.87,62.61
KLVIHLVKKLRLLLTRRHRIFIIERPTIMTLRAKRTRRQP,25,64,40,18.31,3.05,41.75
LTRRHRIFIIERPTIMTLRAKR,38,59,22,18.28,2.07,58.28
HRIFIIERPTIMTLRAKR,42,59,18,18.21,2.72,48.45
ALRLILKTQKKPCKYYMMR,4,22,19,18.16,2.17,53.88
KTQKKPCKYYMMRLLKLVIH,10,29,20,18.16,2.12,55.7
KYYMMRLLKLVIHLVKKLRLLLTRRHRIFIIERPTIMTL,17,55,39,18.13,3.89,41.01
RHRIFIIERPTIMTLRAK,41,58,18,18.13,2.72,48.32
LLLTRRHRIFIIERPT,36,51,16,18.13,3.28,42.86
IFIIERPTIMTLRAKRTRRQPLVIIICS,44,71,28,17.94,2.91,55.84
TQKKPCKYYMMRLLKLVIH,11,29,19,17.92,2.46,51.13
QKKPCKYYMMRLLKLV,12,27,16,17.76,2.62,45.92
IHLVKKLRLLLTRRHRIFIIERPTIMTLRAKRTRRQP,28,64,37,17.52,2.35,49.64
HLVKKLRLLLTRRHR,29,43,15,17.3,2.22,46.9
KLRLLLTRRHRIFIIERPTIMTLRAKRTRRQPL,33,65,33,17.26,1.88,58.69
HLVKKLRLLLTRRHRIFIIERPTIMTLRAKRTRRQ,29,63,35,17.24,1.98,55.41
ALRLILKTQKKPCKYYM,4,20,17,17.24,2.43,48.31
LKLVIHLVKKLRLLLTRRHRIFIIE,24,48,25,17.21,2.78,60.18
LILKTQKKPCKYYMMRL,7,23,17,17.21,2.44,48.2
ILKTQKKPCKYYMMRLL,8,24,17,17.2,2.44,48.18
LRLILKTQKKPCKYYMM,5,21,17,17.19,2.44,48.16
IFIIERPTIMTLRAKRTRRQPL,44,65,22,17.15,2.16,55.79
LLLTRRHRIFIIERPTIM,36,53,18,17.14,3.31,46.43
MMRLLKLVIHLVKKLRLLLTRRHRIFIIERPTIMT,20,54,35,17.01,3.19,50.13
MMRLLKLVIHLVKKLRLLLTRRHRIFIIERPTIM,20,53,34,17.0,3.08,52.51
RRHRIFIIERPTIMTLRA,40,57,18,16.96,2.56,48.51
HRIFIIERPTIMTLRAKRT,42,60,19,16.91,2.47,50.15
FIIERPTIMTLRAKR,45,59,15,16.9,3.31,40.56
RLLLTRRHRIFIIERP,35,50,16,16.79,2.72,44.9
HLVKKLRLLLTRRHRIFIIERPTIMTLRAKRTRRQPL,29,65,37,16.78,2.25,49.66
LTRRHRIFIIERPTIMTLRAKRT,38,60,23,16.66,1.89,59.11
RRHRIFIIERPTIMTLRAKRTRRQPLVI,40,67,28,16.62,1.7,63.1
FIIERPTIMTLRAKRTRRQPLV,45,66,22,16.54,2.1,55.83
LLTRRHRIFIIERPTIMTLRAKRTRR,37,62,26,16.53,1.62,64.16
RIFIIERPTIMTLRAKRTRR,43,62,20,16.51,1.93,55.97
LLLTRRHRIFIIERPTIMTLRAKRTRRQ,36,63,28,16.18,1.66,62.92
HRIFIIERPTIMTLR,42,56,15,16.08,3.63,38.91
RHRIFIIERPTIMTL,41,55,15,16.05,3.63,38.88
IFIIERPTIMTLRAKRTRRQPLVIIIC,44,70,27,16.01,2.74,56.63
LVIHLVKKLRLLLTRRHRIFI,26,46,21,15.99,2.85,57.81
FIIERPTIMTLRAKRT,45,60,16,15.87,2.98,42.62
TLRAKRTRRQPLVII,54,68,15,15.79,2.5,43.88
HRIFIIERPTIMTLRAKRTRRQPLV,42,66,25,15.79,1.82,59.76
YMMRLLKLVIHLVKKLRLLLTRRHRIFII,19,47,29,15.78,2.65,62.21
KLRLLLTRRHRIFIIERPTIMTLRAKRTRRQ,33,63,31,15.74,1.55,62.93
RRHRIFIIERPTIMTL,40,55,16,15.7,2.91,42.93
YMMRLLKLVIHLVKKLR,19,35,17,15.68,3.26,48.84
LTRRHRIFIIERPTIM,38,53,16,15.6,2.91,42.74
MRLLKLVIHLVKKLRLLLTRRHRIFII,21,47,27,15.59,2.6,63.57
LLKLVIHLVKKLRLLLTRRHRIFIIERPTIMT,23,54,32,15.57,2.82,55.36
RHRIFIIERPTIMTLR,41,56,16,15.55,2.91,42.67
RLLLTRRHRIFIIERPT,35,51,17,15.54,2.44,46.9
LKLVIHLVKKLRLLLTRRHRIFIIERPTIMTL,24,55,32,15.52,2.82,55.27
ALRLILKTQKKPCKY,4,18,15,15.49,2.35,44.23
YYMMRLLKLVIHLVKKLRLLLTR,18,40,23,15.18,2.69,59.2
ILKTQKKPCKYYMMRLLK,8,25,18,15.06,1.86,52.21
VKKLRLLLTRRHRIFIIERPTIMTLRAKRTRRQP,31,64,34,15.05,1.64,57.87
RRHRIFIIERPTIMTLRAK,40,58,19,15.0,2.0,52.24
RLLLTRRHRIFIIERPTIMTLRAKRTRRQPL,35,65,31,14.99,1.6,60.99
LRLLLTRRHRIFIIERPTIMTLRAKRTRRQP,34,64,31,14.97,1.6,60.92
RHRIFIIERPTIMTLRAKR,41,59,19,14.97,2.0,52.17
YMMRLLKLVIHLVKKLRLLLTRRHRIFIIERPTIMTLRA,19,57,39,14.88,3.57,41.03
LLKLVIHLVKKLRLLLTRRHRIFIIERPTIMTLRA,23,57,35,14.84,3.01,50.43
LLKLVIHLVKKLRLLLTRRHRIFIIERPTIM,23,53,31,14.65,2.69,57.19
KKLRLLLTRRHRIFIIERPTIMTLRAKRTRRQPL,32,65,34,14.63,1.59,58.02
LTRRHRIFIIERPTIMT,38,54,17,14.61,2.62,44.87
LLKLVIHLVKKLRLLLTRRHRIFI,23,46,24,14.55,2.58,62.46
MMRLLKLVIHLVKKLRLLLTRRHRIFIIE,20,48,29,14.48,2.6,59.48
YYMMRLLKLVIHLVKKLRLLLTRRHRIFIIERPTIMTLRA,18,57,40,14.46,3.73,38.12
KTQKKPCKYYMMRLLKLV,10,27,18,14.34,1.77,52.16
RPTIMTLRAKRTRRQPLVI,49,67,19,14.28,1.72,54.36
MMRLLKLVIHLVKKLRLLLTRRHRIFIIERPTIMTLRA,20,57,38,14.17,3.34,43.58
TQKKPCKYYMMRLLKLV,11,27,17,14.13,2.14,47.37
LVIHLVKKLRLLLTRR,26,41,16,14.0,3.25,47.06
HLVKKLRLLLTRRHRIFIIERPTIMTLRAKRTRRQP,29,64,36,13.94,1.75,52.58
CKYYMMRLLKLVIHLVKKLRLL,16,37,22,13.84,2.65,58.17
RLLKLVIHLVKKLRLLLTR,22,40,19,13.78,2.84,55.05
LLKLVIHLVKKLRLLLTRR,23,41,19,13.74,2.84,54.98
PCKYYMMRLLKLVIHLVKKLRLLLT,15,39,25,13.71,2.53,60.18
MRLLKLVIHLVKKLRLLLTRRHRIFIIERPTIMTL,21,55,35,13.69,2.92,50.04
RLILKTQKKPCKYYMMRL,6,23,18,13.66,1.69,52.22
HRIFIIERPTIMTLRAKRTR,42,61,20,13.63,1.8,53.83
RHRIFIIERPTIMTLRAKRT,41,60,20,13.6,1.8,53.77
LRLILKTQKKPCKYYMMR,5,22,18,13.6,1.69,52.04
RIFIIERPTIMTLRAKRTRRQPL,43,65,23,13.6,1.59,58.97
LRLLLTRRHRIFIIE,34,48,15,13.48,3.37,40.87
VIHLVKKLRLLLTRRHRIFII,27,47,21,13.48,2.67,57.61
LTRRHRIFIIERPTIMTLRAKRTRRQPLV,38,66,29,13.43,1.45,61.84
KYYMMRLLKLVIHLVKKLRLLLT,17,39,23,13.37,2.56,59.21
LKTQKKPCKYYMMRLLKL,9,26,18,13.35,1.66,52.01
TRRHRIFIIERPTIMTLRA,39,57,19,13.35,2.13,49.23
FIIERPTIMTLRAKRTR,45,61,17,13.16,2.15,46.51
KKLRLLLTRRHRIFIIERPTIMTLRAKRTRRQ,32,63,32,12.98,1.25,62.83
TRRHRIFIIERPTIMTLRAKRTRRQPLVI,39,67,29,12.91,1.44,61.08
RRHRIFIIERPTIMTLR,40,56,17,12.89,2.09,46.79
CKYYMMRLLKLVIHLVKKLRLLLTRRHRIFIIERPTIMTL,16,55,40,12.85,3.57,38.08
LTRRHRIFIIERPTIMTLRAKRTR,38,61,24,12.75,1.35,61.88
CKYYMMRLLKLVIHLVKKL,16,34,19,12.75,2.81,52.07
ALRLILKTQKKPCKYY,4,19,16,12.72,1.89,46.28
LLTRRHRIFIIERPTIMTLRAKRTRRQPL,37,65,29,12.71,1.38,61.85
LRLILKTQKKPCKYYM,5,20,16,12.71,1.9,46.22
LLLTRRHRIFIIERPTIMTLRAKRTRRQP,36,64,29,12.71,1.38,61.84
IFIIERPTIMTLRAKRTRRQ,44,63,20,12.42,1.68,53.6
LKLVIHLVKKLRLLLTRRHRIFII,24,47,24,12.39,2.43,62.37
PCKYYMMRLLKLVIH,15,29,15,12.37,3.29,40.82
KLRLLLTRRHRIFIIERPTIMTLRAKRTRRQP,33,64,32,12.35,1.3,60.91
RLLLTRRHRIFIIERPTIMTLRAKRTRRQ,35,63,29,12.34,1.22,64.09
TRRHRIFIIERPTIMTL,39,55,17,12.27,2.4,43.99
IMTLRAKRTRRQPLV,52,66,15,12.22,1.87,44.39
MRLLKLVIHLVKKLR,21,35,15,12.14,3.26,44.13
RHRIFIIERPTIMTLRAKRTRRQPLV,41,66,26,12.05,1.33,61.96
KLVIHLVKKLRLLLTR,25,40,16,11.89,3.06,47.12
HRIFIIERPTIMTLRA,42,57,16,11.73,3.06,40.68
LILKTQKKPCKYYMM,7,21,15,11.66,2.13,42.1
YYMMRLLKLVIHLVKKLRLLLTRRHRIFIIERPTIMTL,18,55,38,11.6,3.13,42.4
LTRRHRIFIIERPTI,38,52,15,11.4,2.37,40.85
TRRHRIFIIERPTIMTLRAK,39,58,20,11.36,1.62,52.86
LVIHLVKKLRLLLTRRHRIFIIERPTIMTL,26,55,30,11.31,2.43,56.44
RRHRIFIIERPTIMTLRAKR,40,59,20,11.26,1.35,55.97
YMMRLLKLVIHLVKKLRLLLTRRHRIFIIERPTIMTL,19,55,37,11.18,2.94,45.2
ERPTIMTLRAKRTRRQPLVII,48,68,21,11.04,1.49,54.99
MMRLLKLVIHLVKKLRLLLTRRHRIFII,20,47,28,10.91,2.29,62.8
PCKYYMMRLLKLVIHLVKKLRLLL,15,38,24,10.8,2.35,59.97
PCKYYMMRLLKLVIHLVK,15,32,18,10.75,2.74,48.82
YYMMRLLKLVIHLVKKLRL,18,36,19,10.68,2.63,52.38
IIERPTIMTLRAKRTRRQPLV,46,66,21,10.62,1.46,54.88
IERPTIMTLRAKRTRRQPLVI,47,67,21,10.61,1.46,54.85
MTLRAKRTRRQPLVI,53,67,15,10.56,1.7,44.0
LLLTRRHRIFIIERPTIMTL,36,55,20,10.35,2.55,49.22
YMMRLLKLVIHLVKKLRLLLTR,19,40,22,10.04,2.36,58.53
KYYMMRLLKLVIHLVKKLRLLL,17,38,22,9.98,2.36,58.41
LLTRRHRIFIIERPT,37,51,15,9.96,2.13,40.85
HRIFIIERPTIMTLRAKRTRR,42,62,21,9.85,1.19,57.39
RRHRIFIIERPTIMTLRAKRT,40,60,21,9.85,1.19,57.39
IIERPTIMTLRAKRT,46,60,15,9.82,2.14,40.67
RHRIFIIERPTIMTLRAKRTR,41,61,21,9.82,1.19,57.28
KKLRLLLTRRHRIFIIERPTIMTLRAKRTRRQP,32,64,33,9.82,1.01,60.51
FIIERPTIMTLRAKRTRR,45,62,18,9.81,1.42,50.46
MMRLLKLVIHLVKKLRLLLTRRHRIFIIERPTIMTL,20,55,36,9.48,2.67,47.5
TRRHRIFIIERPTIMTLR,39,56,18,9.44,1.66,47.84
KPCKYYMMRLLKLVIHLV,14,31,18,9.3,2.63,48.12
LLTRRHRIFIIERPTIMTLRAKRTRRQ,37,63,27,9.15,0.96,63.7
IFIIERPTIMTLRAKRTRRQP,44,64,21,9.12,1.29,54.87
RLLLTRRHRIFIIERPTIMTLRAKRTRRQP,35,64,30,9.08,0.97,62.66
LVIHLVKKLRLLLTRRHRIFIIE,26,48,23,9.01,2.26,57.16
YYMMRLLKLVIHLVKK,18,33,16,8.95,2.81,44.77
KYYMMRLLKLVIHLVK,17,32,16,8.94,2.81,44.75
PTIMTLRAKRTRRQPLV,50,66,17,8.74,1.27,49.01
RIFIIERPTIMTLRAKRTRRQ,43,63,21,8.66,1.08,57.24
LTRRHRIFIIERPTIMTLRAKRTRR,38,62,25,8.62,0.86,64.35
TIMTLRAKRTRRQPLV,51,66,16,8.54,1.4,45.74
RLILKTQKKPCKYYMM,6,21,16,8.39,1.31,46.13
ILKTQKKPCKYYMMRL,8,23,16,8.37,1.31,46.05
LILKTQKKPCKYYMMR,7,22,16,8.36,1.31,46.03
LRLILKTQKKPCKYY,5,19,15,8.18,1.3,44.17
RRHRIFIIERPTIMTLRAKRTRRQPLV,40,66,27,8.17,0.87,63.8
QKKPCKYYMMRLLKL,12,26,15,7.96,1.3,43.32
TRRHRIFIIERPTIMTLRAKR,39,59,21,7.68,1.02,56.43
FIIERPTIMTLRAKRTRRQPL,45,65,21,7.61,1.12,54.8
LLKLVIHLVKKLRLLLTRRHRIFIIERPTIMTL,23,55,33,7.5,2.27,53.27
RRHRIFIIERPTIMT,40,54,15,7.49,1.73,40.83
LLKLVIHLVKKLRLLLTRRHRIFIIE,23,48,26,7.48,2.07,60.08
MMRLLKLVIHLVKKLR,20,35,16,7.43,2.68,46.31
HRIFIIERPTIMTLRAKRTRRQPL,42,65,24,7.38,0.96,59.6
RLLKLVIHLVKKLRL,22,36,15,7.25,2.8,44.91
MRLLKLVIHLVKKLRLLLTR,21,40,20,7.23,2.27,55.75
CKYYMMRLLKLVIHLVKKLRLLLT,16,39,24,7.0,2.08,59.51
IIERPTIMTLRAKRTR,46,61,16,6.83,1.32,44.6
LKTQKKPCKYYMMRLL,9,24,16,6.78,1.09,46.0
TRRHRIFIIERPTIMTLRAKRT,39,60,22,6.35,0.88,57.51
LTRRHRIFIIERPTIMTLRAKRTRRQPL,38,65,28,5.98,0.7,62.94
LLTRRHRIFIIERPTIMTLRAKRTRRQP,37,64,28,5.97,0.7,62.92
RRHRIFIIERPTIMTLRAKRTR,40,61,22,5.67,0.64,60.68
RHRIFIIERPTIMTLRAKRTRR,41,62,22,5.66,0.64,60.62
RIFIIERPTIMTLRAKRTRRQP,43,64,22,5.31,0.73,58.28
TRRHRIFIIERPTIM,39,53,15,5.22,1.49,39.85
TRRHRIFIIERPTIMTLRAKRTRRQPLV,39,66,28,4.99,0.64,62.06
YMMRLLKLVIHLVKKLRL,19,36,18,4.61,2.22,50.82
TQKKPCKYYMMRLLKL,11,26,16,4.53,0.86,45.03
RLILKTQKKPCKYYMMR,6,22,17,4.46,0.58,50.17
TRRHRIFIIERPTIMT,39,54,16,4.31,1.27,42.19
LKTQKKPCKYYMMRLLK,9,25,17,4.2,0.55,50.02
KTQKKPCKYYMMRLLKL,10,26,17,4.19,0.55,49.94
RLILKTQKKPCKYYM,6,20,15,3.84,0.66,44.05
CKYYMMRLLKLVIHLVKKLRLLL,16,38,23,3.62,1.86,59.01
RHRIFIIERPTIMTLRAKRTRRQPL,41,65,25,3.47,0.48,62.07
RPTIMTLRAKRTRRQPLV,49,66,18,3.46,0.48,52.54
IIERPTIMTLRAKRTRR,46,62,17,3.2,0.6,48.61
LVIHLVKKLRLLLTRRHRIFII,26,47,22,3.14,1.86,58.8
MMRLLKLVIHLVKKLRLLLTR,20,40,21,2.79,1.87,57.0
YMMRLLKLVIHLVKK,19,33,15,2.43,2.33,42.71
TRRHRIFIIERPTIMTLRAKRTR,39,61,23,2.32,0.36,60.55
LLKLVIHLVKKLRLLLTRRHRIFII,23,47,25,2.31,1.71,62.57
CKYYMMRLLKLVIHLVK,16,32,17,2.29,2.11,46.48
HRIFIIERPTIMTLRAKRTRRQ,42,63,22,2.28,0.41,58.45
FIIERPTIMTLRAKRTRRQ,45,63,19,2.28,0.51,52.14
PCKYYMMRLLKLVIHL,15,30,16,1.57,2.11,42.9
LTRRHRIFIIERPTIMTLRAKRTRRQ,38,63,26,1.33,0.21,64.21
IIERPTIMTLRAKRTRRQPL,46,65,20,1.3,0.41,53.61
RRHRIFIIERPTIMTLRAKRTRR,40,62,23,1.22,0.13,63.73
ERPTIMTLRAKRTRRQPLVI,48,67,20,1.05,0.37,53.7
MRLLKLVIHLVKKLRL,21,36,16,0.77,2.08,46.37
IERPTIMTLRAKRTRRQPLV,47,66,20,0.65,0.33,53.58
LKLVIHLVKKLRLLLTR,24,40,17,0.61,1.97,49.24
YYMMRLLKLVIHLVKKLRLL,18,37,20,0.13,1.72,53.83
ILKTQKKPCKYYMMR,8,22,15,-0.48,0.03,43.6
RRHRIFIIERPTIMTLRAKRTRRQPL,40,65,26,-0.55,0.04,64.25
RIFIIERPTIMTLRA,43,57,15,-0.77,1.91,38.68
HRIFIIERPTIMTLRAKRTRRQP,42,64,23,-0.85,0.11,59.17
FIIERPTIMTLRAKRTRRQP,45,64,20,-0.88,0.16,53.61
TIMTLRAKRTRRQPL,51,65,15,-1.15,-0.0,43.64
PTIMTLRAKRTRRQPL,50,65,16,-1.23,-0.06,46.97
LTRRHRIFIIERPTIMTLRAKRTRRQP,38,64,27,-1.59,-0.04,63.71
YYMMRLLKLVIHLVKKL,18,34,17,-1.92,1.73,46.61
TRRHRIFIIERPTIMTLRAKRTRR,39,62,24,-1.93,-0.11,63.35
RHRIFIIERPTIMTLRAKRTRRQ,41,63,23,-1.94,-0.09,61.45
KTQKKPCKYYMMRLL,10,24,15,-2.05,-0.2,43.67
LKTQKKPCKYYMMRL,9,23,15,-2.05,-0.2,43.79
IFIIERPTIMTLRAK,44,58,15,-2.72,1.71,38.67
IERPTIMTLRAKRTR,47,61,15,-3.23,-0.19,42.46
TRRHRIFIIERPTIMTLRAKRTRRQPL,39,65,27,-3.27,-0.17,62.84
MMRLLKLVIHLVKKLRL,20,36,17,-3.59,1.61,48.45
TQKKPCKYYMMRLLK,11,25,15,-4.09,-0.45,42.92
RLLKLVIHLVKKLRLL,22,37,16,-4.21,1.65,47.01
IIERPTIMTLRAKRTRRQ,46,63,18,-4.35,-0.33,50.48
RHRIFIIERPTIMTLRAKRTRRQP,41,64,24,-4.97,-0.35,61.9
KTQKKPCKYYMMRLLK,10,25,16,-5.05,-0.69,47.77
YYMMRLLKLVIHLVKKLRLLLT,18,39,22,-5.83,1.18,56.08
YMMRLLKLVIHLVKKLRLL,19,37,19,-6.04,1.29,52.43
RRHRIFIIERPTIMTLRAKRTRRQ,40,63,24,-6.34,-0.54,64.27
RPTIMTLRAKRTRRQPL,49,65,17,-6.87,-0.82,50.64
CKYYMMRLLKLVIHL,16,30,15,-7.17,1.36,40.18
IERPTIMTLRAKRTRR,47,62,16,-7.39,-0.87,46.52
IIERPTIMTLRAKRTRRQP,46,64,19,-7.49,-0.65,52.18
YMMRLLKLVIHLVKKL,19,34,16,-8.51,1.21,44.74
TRRHRIFIIERPTIMTLRAKRTRRQ,39,63,25,-8.99,-0.75,63.54
IERPTIMTLRAKRTRRQPL,47,65,19,-9.02,-0.84,52.1
RRHRIFIIERPTIMTLRAKRTRRQP,40,64,25,-9.21,-0.78,64.41
ERPTIMTLRAKRTRRQPLV,48,66,19,-9.3,-0.88,52.19
YYMMRLLKLVIHLVKKLRLLL,18,38,21,-9.88,0.9,55.09
PCKYYMMRLLKLVIHLV,15,31,17,-10.06,0.96,44.71
MRLLKLVIHLVKKLRLL,21,37,17,-10.15,1.05,48.34
RLLKLVIHLVKKLRLLLT,22,39,18,-10.18,1.0,51.2
LLKLVIHLVKKLRLLLTR,23,40,18,-10.19,1.0,51.18
PTIMTLRAKRTRRQP,50,64,15,-10.36,-1.43,44.9
LVIHLVKKLRLLLTR,26,40,15,-10.85,1.06,43.02
TRRHRIFIIERPTIMTLRAKRTRRQP,39,64,26,-11.54,-0.97,63.3
YMMRLLKLVIHLVKKLRLLLT,19,39,21,-11.72,0.76,55.17
YYMMRLLKLVIHLVK,18,32,15,-12.71,0.8,40.8
KYYMMRLLKLVIHLV,17,31,15,-12.76,0.8,40.46
RPTIMTLRAKRTRRQ,49,63,15,-12.84,-1.86,46.34
KLVIHLVKKLRLLLT,25,39,15,-12.97,0.86,43.05
MMRLLKLVIHLVKKLRLL,20,37,18,-14.17,0.66,50.21
IERPTIMTLRAKRTRRQ,47,63,17,-14.96,-1.76,48.59
RLLKLVIHLVKKLRLLL,22,38,17,-15.08,0.64,49.17
MRLLKLVIHLVKKLRLLLT,21,39,19,-15.73,0.49,52.02
YMMRLLKLVIHLVKKLRLLL,19,38,20,-16.13,0.45,53.91
RPTIMTLRAKRTRRQP,49,64,16,-16.41,-2.15,48.62
MMRLLKLVIHLVKKL,20,34,15,-17.01,0.46,42.23
ERPTIMTLRAKRTRR,48,62,15,-17.62,-2.48,44.46
IERPTIMTLRAKRTRRQP,47,64,18,-18.07,-2.02,50.47
CKYYMMRLLKLVIHLV,16,31,16,-18.69,0.18,42.18
ERPTIMTLRAKRTRRQPL,48,65,18,-19.26,-2.17,50.55
MMRLLKLVIHLVKKLRLLLT,20,39,20,-19.46,0.17,53.45
MRLLKLVIHLVKKLRLLL,21,38,18,-20.52,0.13,50.28
LKLVIHLVKKLRLLLT,24,39,16,-23.57,-0.16,45.18
MMRLLKLVIHLVKKLRLLL,20,38,19,-24.21,-0.19,51.92
ERPTIMTLRAKRTRRQ,48,63,16,-25.31,-3.32,46.66
ERPTIMTLRAKRTRRQP,48,64,17,-28.5,-3.51,48.74
LLKLVIHLVKKLRLL,23,37,15,-28.88,-0.64,43.02
LKLVIHLVKKLRLLL,24,38,15,-28.88,-0.64,43.03
LLKLVIHLVKKLRLLLT,23,39,17,-33.68,-1.06,47.22
LLKLVIHLVKKLRLLL,23,38,16,-39.09,-1.57,45.19
