ID,Sequence,Charge,GRAVY,MW,TargetingIndex,Sebum_Compat,AMP_Potential,Toxicity,GlowScore,Source,pI,Aromaticity,Instability_Index,MW_Da
AMP_737_496851,MSKMITIRWLLRKLSLKKMDMFIQIQILTTQVKRPKFIKVQFLMCIVLLTRTLIFLV,9.48,0.76,6911.75,6.39,61.77,68.2,18.9,79.4,Lactiplantibacillus plantarum (firmicutes),11.62,0.088,45.12,
AMP_5937_496851,MAVNKFLISVNSLVFKLVTSTTRFIRAVCSIKWFVIFPLIRKSKLSCATTSLIMVRIKSERLS,9.48,0.73,7193.74,6.13,60.61,68.12,18.45,76.9,Lactiplantibacillus plantarum (firmicutes),11.5,0.095,17.72,
AMP_3780_496851,MLVALINYYKRLKMLGSVLLMKKVILMLERSKVSKKFLRRNLVTLARLLELKSMIPCGCI,10.48,0.61,6981.82,5.83,56.29,70.01,16.65,74.68,Lactiplantibacillus plantarum (firmicutes),10.57,0.05,39.29,
AMP_9183_83697148,MFTPIYFAIHMQLFFIMKLRILNKFKKDSVIVIYKRLLIYMFIPLKKIYVKIGIKLSINFKFLIKGNNYVNTN,11.57,0.56,8851.9,5.51,54.61,71.93,15.9,73.62,Staphylococcus epidermidis (firmicutes),10.34,0.178,9.18,
AMP_946_496851,MLIRIFMNAIFFGLRVFHLFRSRIGASPFAGFLRLTRLLRILAWILFIRRQNSPWG,8.59,0.7,6708.1,6.04,59.62,65.86,18.0,73.05,Lactiplantibacillus plantarum (firmicutes),12.0,0.179,67.22,
AMP_901_496851,MSGQHFRRKRAKKLGLLKFIHLFLKIGFAIFGYRAIIFLVGKI,9.67,0.53,5034.2,5.91,53.48,68.26,15.45,71.69,Lactiplantibacillus plantarum (firmicutes),12.0,0.163,21.62,
AMP_10671_83697148,MMFTLLIRRINLKSRLMKKFKSLQLLLSNETIKITQCFKTVFNFIIILITLLFRNGRIIFDFLFFKYLI,9.49,0.78,8423.38,6.22,62.34,68.04,39.2,71.67,Staphylococcus epidermidis (firmicutes),11.12,0.159,13.76,
AMP_936_496851,MLRRVSMRTPRMRIVSIFCKPFAMSMKCYLRKAGIKKFGMSLITILIFS,10.47,0.5,5759.24,5.72,52.57,69.81,15.0,71.63,Lactiplantibacillus plantarum (firmicutes),11.74,0.102,43.79,
AMP_3207_496851,MTIRIVRSLTRLRCFTRISDTCMIIAVRVRCFAVIIVVRYGRSTMIIVVRVGRVNVIIFWQDNGHHSRFS,9.65,0.61,8209.83,5.53,56.25,68.0,16.65,70.3,Lactiplantibacillus plantarum (firmicutes),11.86,0.086,23.48,
AMP_786_496851,MISLTQSAWASSSMRCFKRLIKVFLIARKRSAGCIAAGKAAAIFVMTSLAKKISPLKTMLVKRNWSAGS,12.47,0.4,7491.06,5.06,49.1,74.08,13.5,69.36,Lactiplantibacillus plantarum (firmicutes),11.86,0.072,35.47,
AMP_6208_496851,MIIRPLYIGNRHNIFKLKTMFFFFFDFKKGLFLHVLDCLFKTCVFIIIRYLKKSKEFVLR,8.65,0.56,7439.1,5.41,54.72,65.8,15.9,66.31,Lactiplantibacillus plantarum (firmicutes),10.19,0.217,17.64,
AMP_3603_496851,MRCGIVKMLPFMIHKSLVNTWAGIRRIFGSSTVRLRAIRACVTWIMLSWKTVRYSIRT,10.56,0.39,6813.28,5.02,48.64,70.11,13.35,64.85,Lactiplantibacillus plantarum (firmicutes),12.0,0.103,32.9,
AMP_5861_496851,MLRLLNQQFLVISGGSLRKLTLTVISMKLALILISFRIINHCQRKRVFCGDCIFNVARQRKLN,9.55,0.45,7302.86,5.03,50.89,67.98,14.25,64.04,Lactiplantibacillus plantarum (firmicutes),11.63,0.063,24.63,
AMP_3168_496851,MTSIAMKIHVMGAIVSLKKTRPTIIAPTAPIPVQIGYAILNGKCLVANAKKPKLKTMPTTVAAA,8.57,0.5,6684.21,5.09,52.66,65.9,15.0,63.25,Lactiplantibacillus plantarum (firmicutes),10.54,0.016,25.35,
AMP_3793_496851,MRVALRLILKTQKKPCKYYMMRLLKLVIHLVKKLRLLLTRRHRIFIIERPTIMTLRAKRTRRQPLVIIICSY,18.65,0.15,8857.13,4.66,40.15,84.23,29.75,63.15,Lactiplantibacillus plantarum (firmicutes),11.88,0.056,56.18,
AMP_143_496851,MTLEPIVACTGISKFCRGIIVLSLAAISRPRAGAKSRCAIKLRASTWSPFNKISILTRSLAR,9.47,0.43,6703.03,4.93,49.9,67.93,13.95,62.73,Lactiplantibacillus plantarum (firmicutes),11.63,0.048,44.12,
AMP_5920_496851,MLNCRTHRKFKLYQKLIGRTIYTSILHFMQIKILFIMWIDFKIHITLSFLHSIFLERLRKIMI,8.84,0.47,7853.63,5.01,51.56,66.37,14.55,62.62,Lactiplantibacillus plantarum (firmicutes),10.74,0.143,9.24,
AMP_9449_83697148,MKTLKLKFQKINFTQQLIKFVIIDFKHYLFKNIITIIHKLILIKLLNIHISNYITKSTRWLILQS,9.75,0.42,7912.64,4.87,49.59,68.35,13.8,62.58,Staphylococcus epidermidis (firmicutes),10.47,0.123,56.0,
AMP_765_496851,MVRQKVTVFYSMIKMMCGTWRSSLVTTGLHNGFRMMPTRWLPTKLRFNGLILMIPITLCGLMVFKNLLRNTI,9.56,0.44,8409.32,4.82,50.41,68.16,14.1,62.51,Lactiplantibacillus plantarum (firmicutes),11.73,0.097,42.86,
AMP_12341_77258228,MVNRAYLSLSVLALVLWVAAYRHLPGWAAGITLACIVLFSLFCEWSRVRTLARIGKSRGTAAQSSRGRKLS,8.57,0.51,7821.21,5.0,52.8,65.67,15.15,62.45,Cutibacterium acnes (high G+C Gram-positive bacteria),11.56,0.099,27.4,
AMP_764_496851,MALPHHFQRMATVTKLSRTLKSLKRVFLKRMALTKKTLVFLQLKVFMVMNIR,11.67,0.24,6202.72,4.75,43.35,72.55,11.1,62.21,Lactiplantibacillus plantarum (firmicutes),12.0,0.077,38.17,
AMP_6642_83699348,MLLIKRPASWLKKGINLFLLAVFPANIYMARKGLPLGDKELPKWALYSRLPLQFVLIKAIKKL,9.49,0.41,7248.95,4.84,49.33,67.96,13.65,61.86,Staphylococcus epidermidis (firmicutes),10.62,0.111,46.8,
AMP_3007_496851,MQRLMLVLRSNLVTIIKLLTTISLAQLVQWPPSGKCSTIPSNKPLVSYQLPTKMHTATTIIRSMLIRKRLMAAGGII,9.57,0.43,8558.42,4.72,50.14,68.31,13.95,61.85,Lactiplantibacillus plantarum (firmicutes),11.85,0.026,47.15,
AMP_9175_83697148,MLLIKRPASWLKKGINLFLLAVFPANVYMARKGLPLGDKELPKWALYSRLPLQFVLIKAIKKL,9.49,0.4,7234.92,4.82,49.17,67.94,13.5,61.65,Staphylococcus epidermidis (firmicutes),10.62,0.111,38.63,
AMP_7826_83699348,MMLMKYGHLFYQLWLSYLMKTILMQIKLKVLVLQTNVKRQLYGIKIQVVQSITLSFGNHVRHKIFVQI,8.75,0.46,8166.98,4.88,51.16,66.18,14.4,61.36,Staphylococcus epidermidis (firmicutes),10.42,0.118,28.96,
AMP_12165_77258228,MRGPISVKRMCTMPRSVIVRFTKRRLATVSVLARLMSFSANGRTRLALVTVVTTWPCSKSWLARLRRMMRS,15.48,0.11,8183.93,4.18,38.85,79.44,9.15,61.02,Cutibacterium acnes (high G+C Gram-positive bacteria),12.0,0.056,54.9,
AMP_5923_496851,MSFKLTLCISNIIPLSKSFTPVFIIKRYSMVLRDKKSYCFHKYSFLINSAVFFIPSSRLKGLSLP,8.56,0.45,7524.03,4.86,50.78,65.75,14.25,60.6,Lactiplantibacillus plantarum (firmicutes),10.19,0.154,38.91,
AMP_8006_83699348,MIKLSNRFTQYLFLLYSHLEIKMPKIVTIIVLIKATRKEIQKDVKSGIALNSLYRKLIFFKNLFSFIRF,9.58,0.38,8283.02,4.64,48.34,68.15,13.2,60.16,Staphylococcus epidermidis (firmicutes),10.46,0.145,6.99,
AMP_32_496851,MKWLFMVSRQHRRKLNWPIKLAQPPFLCAMILGTRPIIIFLIRCLMGSVRHYQLVWRLPSTVGGSFFMAWQLAIHQ,9.74,0.38,9036.96,4.56,48.4,68.57,13.2,60.06,Lactiplantibacillus plantarum (firmicutes),11.89,0.132,50.61,
AMP_9293_83697148,MTLLTIYYFIKFFFNFIGCFFRYWFTGKLFFTRVIILFSYWIINTTYKPWFKHIPFIKESRLCLNHLSRGNSCGLTKC,8.63,0.46,9604.4,4.73,51.15,65.85,14.4,60.03,Staphylococcus epidermidis (firmicutes),9.84,0.269,17.82,
AMP_7858_83699348,MRKFIFYLILAIAAFGLMMNLDEFLFSIMKAIISFAIIALIIYSIYYFFFLTEDQRKYKKALRKYKRQKRKQ,9.49,0.39,8834.7,4.63,48.81,67.58,13.35,59.82,Staphylococcus epidermidis (firmicutes),10.17,0.208,40.37,
AMP_816_496851,MRPSGEPGRLILVALTRRVTCGLAKFLVFRLAGPMRMRSCRLIETIIKLSRPMRRPIMTVSF,10.48,0.29,7101.73,4.52,45.22,70.16,11.85,59.49,Lactiplantibacillus plantarum (firmicutes),12.0,0.048,56.41,
AMP_10297_83697148,MLKIRRLLLILVVCTHVLKLKRVSSGLLTNHKLKVRRLKHTGYVG,10.74,0.34,5205.47,5.26,46.82,70.49,32.6,59.21,Staphylococcus epidermidis (firmicutes),11.86,0.022,35.89,
AMP_3266_496851,MAVRSSAPAKCIIKSMRKAFVITPSKCVAITSLYSHKIPVNFLGFKNVK,8.56,0.37,5382.53,4.88,47.93,65.59,13.05,59.1,Lactiplantibacillus plantarum (firmicutes),10.48,0.082,31.91,
AMP_7761_83699348,MLKIRRHLLILVVCTHVLKLKRVSSGLLTNHKLKVRRLKHTGYVG,10.83,0.18,5229.45,4.65,41.38,70.77,10.2,58.8,Staphylococcus epidermidis (firmicutes),11.86,0.022,40.17,
AMP_6723_83699348,MIIIRAKALIRPGIDKNLIIFILSSSFKAIKANKNAKSINIKPPLSKMGKNINKAIIAVNVLTFIFYSSLNPPKRLWRD,12.49,0.21,8891.72,4.12,42.49,74.19,10.65,58.54,Staphylococcus epidermidis (firmicutes),11.26,0.076,52.4,
AMP_718_496851,MPMPIQPVVLYKPTKPLVNASLTVRKTGPTIVKVRKPVMTIANIGVNVKSNAPLICLWKNFSRVAKI,10.48,0.28,7382.01,4.37,44.82,70.32,11.7,58.34,Lactiplantibacillus plantarum (firmicutes),11.27,0.045,37.2,
AMP_7764_83699348,MVKSRDLSLLQKVLGNKNLQILYVTKNKLKMLKLMLRLKLKIAV,9.49,0.22,5138.47,4.62,42.8,67.98,10.8,56.9,Staphylococcus epidermidis (firmicutes),10.89,0.023,34.02,
AMP_6348_496851,MFVILRFIVGCKSTAKSSIIFGRRKIDNPSIHGKWTKPISKLRDVGIIFIVQLMRTA,8.57,0.34,6488.83,4.56,46.91,65.88,12.6,56.75,Lactiplantibacillus plantarum (firmicutes),11.49,0.088,19.41,
AMP_9136_83697148,MLSKTINKLKISLLIQATKLKVYINKTRHFTGCMRMRASCFLLKF,9.56,0.22,5290.54,4.6,42.86,67.89,10.8,56.73,Staphylococcus epidermidis (firmicutes),10.78,0.089,16.65,
AMP_8136_83699348,MTSSFARPSIFSAMSFAIRTRPRRSVARIPSLICVITESRRRFSLSVFACASWTRFDKLLKASASSPISSLPYIFTRCV,10.47,0.28,8895.4,4.16,44.66,70.06,11.7,56.53,Staphylococcus epidermidis (firmicutes),11.77,0.114,73.53,
AMP_12028_77258228,MVSFLVRKASTRAWRRCDPRMSFSSSACRVACWVCRSLSWACRVALRVNASRARSSRPCSSARLAAFCILSTSVCN,12.42,0.17,8464.9,3.98,40.85,73.72,10.05,56.11,Cutibacterium acnes (high G+C Gram-positive bacteria),11.49,0.079,75.47,
AMP_804_496851,MTRRPRILPPIISPRLCFIIKLVLHIFVIFSPYNRSEMSANFKAGNRDKKVLKIAFSACCALMNR,9.56,0.28,7508.09,4.28,44.69,67.98,11.7,55.57,Lactiplantibacillus plantarum (firmicutes),10.98,0.092,57.5,
AMP_843_496851,MVSFKFATVKPGCKTFTLVRLKRVTVITLTRCGPGNFCCTRKKSVS,9.45,0.2,5111.2,4.46,42.15,67.72,10.5,55.24,Lactiplantibacillus plantarum (firmicutes),10.66,0.087,12.3,
AMP_10692_83697148,MTSSFARPSIFSAMSFAIRTRPRRSVARMPSLICVITESRRRFSLSVFACASWTRFDKLLKASASSPISSLPYIFTRCV,10.47,0.24,8913.43,4.03,43.51,70.06,11.1,55.02,Staphylococcus epidermidis (firmicutes),11.77,0.114,79.46,
AMP_902_496851,MGMMRQVRATLRMRLALRSPRFITILKIKRSSFWLSLRRSVRKSRLALKRFKSVRIGLRWIN,18.5,-0.16,7544.23,3.74,29.35,83.98,5.1,54.36,Lactiplantibacillus plantarum (firmicutes),12.0,0.081,80.79,
AMP_3678_496851,MMVMLSVLIPIERAISRLSPVTMKAWPRLVCKKTIRSTVMILITTRPTKTLSKYLGSDSKK,9.49,0.23,6920.5,4.16,42.98,68.5,10.95,54.29,Lactiplantibacillus plantarum (firmicutes),11.12,0.033,43.66,
AMP_3164_496851,MIFGTSRKKCAYCMLMLKKRLRTICVRAFPKRCITILRAKNLNSLSPFLNSRG,12.45,0.04,6150.56,4.05,36.52,73.83,8.1,54.17,Lactiplantibacillus plantarum (firmicutes),11.36,0.075,55.76,
AMP_8088_83699348,MANYTCLIMFLIKDFTSKLTHICNGSHCRISFNFPKRRRINIIKKSRGIIFINLICCEKTIRRCHIIR,11.7,0.14,8114.82,3.94,39.94,72.25,9.6,54.13,Staphylococcus epidermidis (firmicutes),10.41,0.088,61.39,
AMP_6922_83699348,MKLITSHIFRCISDNKLIVKSKFSEKLLTNKFKLCNLCINNLKNILHTVKRKVKLTLLIQRVFTR,12.64,0.08,7700.39,3.88,37.8,74.31,8.7,54.02,Staphylococcus epidermidis (firmicutes),10.63,0.062,24.03,
Benchmark_LL-37,LLGDFFRKSKEKIGKEFKRIVQRIKDFLRNLVPRTES,5.76,-0.72,,0.35,20.0,75.0,,18.74,Human endogenous (cathelicidin),,,,4493.26
Benchmark_Nisin_A,ITSISLCTPGCKTGALMGCNMKTATCHCSIHVSK,2.88,0.41,,4.34,49.51,75.0,,65.09,Lactococcus lactis (Class I bacteriocin),,,,3498.19
Benchmark_Magainin2,GIGKFLHSAKKFGKAFVGEIMNS,2.85,0.08,,3.32,37.89,75.0,,50.41,Xenopus laevis (frog skin AMP),,,,2466.9
